id,idade,linhas,temp_cli,renda,fatura,temp_rsd,netflix,cancel
1,51,4,26,5320.00,543,7.3,1,0
2,36,2,16,5620.00,482,4.5,1,0
3,35,1,15,4860.00,593,4.8,0,0
5,40,1,22,6590.00,1184,6.2,1,0
6,52,1,30,6370.00,634,2.2,0,0
9,38,4,16,6120.00,146,5.6,1,0
10,27,1,18,5600.00,1273,4.8,0,0
11,45,3,29,10080.00,717,4.1,1,0
12,35,1,12,4720.00,446,6.9,0,0
13,30,1,21,5840.00,184,7.2,1,0
15,44,2,34,13550.00,1367,4.9,1,0
16,30,1,23,5750.00,856,8.1,0,0
17,39,2,20,6870.00,592,6.1,0,0
18,39,2,21,6880.00,593,2.8,0,0
19,45,4,18,7160.00,285,8.0,1,0
20,29,2,14,4980.00,311,5.9,0,0
21,40,2,25,8800.00,1280,0.9,0,0
22,31,2,16,5040.00,517,2.3,1,0
23,33,1,25,6440.00,861,7.3,1,0
24,33,1,24,6390.00,207,4.3,1,0
25,39,2,29,10800.00,686,4.6,0,0
26,29,2,13,4230.00,106,4.8,1,0
27,49,1,27,7510.00,275,6.6,0,0
28,46,4,28,9420.00,841,5.6,0,0
29,44,1,23,6400.00,134,6.2,1,0
30,54,1,22,6020.00,207,6.5,1,0
31,31,1,23,6050.00,146,4.9,1,0
32,26,2,13,6060.00,715,5.0,1,0
33,54,4,16,5710.00,121,3.8,0,0
37,47,1,40,18770.00,2239,5.6,1,0
38,49,2,39,17330.00,422,4.1,1,0
40,44,1,29,9940.00,688,4.5,1,0
41,32,1,15,5270.00,584,5.7,1,0
42,51,1,12,4850.00,71,4.6,1,0
43,29,2,14,6150.00,984,2.0,1,0
44,34,4,13,6640.00,229,5.9,0,0
45,45,1,23,6950.00,773,7.0,1,0
47,29,1,12,4330.00,733,2.0,1,0
50,36,1,15,4990.00,1210,7.0,1,0
52,32,2,15,5410.00,449,5.8,1,0
53,38,1,31,9880.00,1033,7.9,1,0
54,40,1,23,7000.00,346,4.0,1,0
55,38,3,12,4690.00,40,7.6,0,0
56,44,1,25,5910.00,354,6.8,0,0
57,47,2,12,5440.00,673,5.2,0,0
58,41,1,17,5970.00,380,6.0,0,0
59,47,1,24,5720.00,500,3.2,0,0
60,37,1,28,7520.00,1377,7.2,0,0
61,37,2,15,5800.00,566,5.6,1,0
63,32,1,25,8070.00,650,5.4,1,0
65,35,1,23,6280.00,758,3.4,1,0
66,42,1,16,6740.00,935,7.5,0,0
67,33,1,13,4890.00,52,4.5,0,0
68,46,1,29,10480.00,723,1.9,1,0
69,40,1,27,6410.00,608,3.2,1,0
73,56,2,22,10250.00,1215,4.3,1,0
74,35,4,14,15870.00,1985,5.1,1,0
75,53,1,26,6820.00,882,4.1,0,0
76,28,2,18,6030.00,663,6.9,1,0
77,37,1,21,6400.00,1229,0.7,0,0
78,36,2,19,5360.00,411,5.6,0,0
80,35,2,20,5020.00,339,1.9,1,0
81,29,3,16,6330.00,869,6.8,0,0
82,34,1,24,6870.00,532,3.8,1,0
83,39,1,19,5810.00,1238,5.4,0,0
84,39,1,25,6120.00,457,1.9,1,0
85,44,1,13,5470.00,793,5.6,1,0
86,28,1,21,5300.00,371,2.4,1,0
87,40,1,21,6010.00,340,5.4,1,0
88,41,2,31,9270.00,891,2.9,0,0
89,51,1,40,11880.00,1846,4.6,1,0
90,35,1,20,5420.00,952,4.1,1,0
91,46,1,18,6400.00,234,8.5,0,0
92,47,1,14,6400.00,473,6.5,0,0
93,26,1,19,6110.00,307,7.7,1,0
94,30,1,20,6240.00,349,5.6,1,0
95,35,2,15,5680.00,1015,4.6,1,0
96,27,3,14,5550.00,873,0.5,1,0
97,27,2,14,5600.00,565,3.8,1,0
98,41,1,25,5780.00,431,4.8,1,0
99,36,1,29,5810.00,970,4.6,0,0
100,32,1,25,8170.00,519,3.5,0,0
101,27,4,12,5790.00,178,7.0,1,0
102,33,1,16,5030.00,331,2.2,1,0
103,55,1,31,9970.00,624,4.2,1,0
105,41,1,14,5180.00,610,8.1,1,0
106,41,2,23,9840.00,131,3.4,1,0
107,42,1,30,7860.00,1859,7.1,1,0
108,32,4,13,5350.00,676,3.1,0,0
110,46,1,13,6960.00,250,5.6,1,0
113,42,3,19,5160.00,396,6.8,1,0
115,41,2,16,4950.00,358,5.8,0,0
116,40,2,15,5220.00,205,8.7,1,0
117,27,1,14,5300.00,906,6.4,1,0
118,39,1,25,8710.00,601,7.2,0,0
120,44,2,29,11820.00,951,5.0,1,0
121,44,3,23,10110.00,614,7.4,1,0
122,42,1,29,8160.00,571,5.2,1,0
123,48,3,18,8090.00,1308,2.9,1,0
125,49,2,19,6120.00,194,8.1,1,0
127,30,1,23,6390.00,203,4.4,1,0
128,38,1,22,5000.00,651,4.2,1,0
129,44,2,28,7080.00,1324,5.8,1,0
130,37,3,12,5990.00,479,6.7,1,0
131,43,2,18,5600.00,672,5.4,0,0
132,38,2,21,6630.00,1148,5.9,1,0
134,40,2,25,7990.00,339,4.6,0,0
135,43,1,24,11000.00,834,6.4,1,0
136,54,1,15,5700.00,147,4.4,1,0
137,47,1,38,15170.00,990,8.7,1,0
138,28,1,15,5160.00,1054,3.8,0,0
142,33,1,24,6140.00,904,4.4,1,0
143,29,1,13,5520.00,548,7.8,1,0
144,40,1,31,10890.00,545,6.8,1,0
147,56,1,36,11270.00,1521,1.6,1,0
148,50,1,37,8140.00,149,8.0,1,0
149,61,4,26,19820.00,1696,2.1,1,0
150,46,1,26,9620.00,998,3.5,1,0
151,44,2,22,8440.00,177,3.5,1,0
152,41,2,22,6820.00,590,7.2,0,0
153,41,1,23,7060.00,461,10.4,1,0
155,47,1,18,6870.00,338,7.3,1,0
156,35,1,23,5520.00,223,5.9,1,0
157,28,2,17,4910.00,624,2.5,1,0
158,31,1,21,5520.00,195,4.0,0,0
159,38,1,30,13220.00,1466,5.8,1,0
160,34,2,23,6420.00,307,1.0,0,0
163,49,3,20,12050.00,212,1.9,0,0
164,38,1,26,6580.00,236,6.4,1,0
165,32,2,13,6900.00,1348,3.7,1,0
166,46,1,28,10400.00,582,5.4,0,0
167,34,4,18,6590.00,863,4.4,1,0
168,31,1,15,6660.00,442,4.5,1,0
169,46,1,25,6840.00,190,3.4,0,0
171,48,4,20,12980.00,2677,2.7,0,0
172,44,1,27,7910.00,182,3.0,0,0
173,35,1,13,5770.00,219,6.7,1,0
174,43,1,36,13160.00,1693,4.9,1,0
175,52,2,25,11870.00,567,3.3,1,0
177,23,1,16,4950.00,305,4.8,1,0
178,35,1,22,5860.00,225,4.6,0,0
180,29,1,21,7190.00,319,7.4,1,0
181,33,1,19,7000.00,688,5.6,1,0
182,47,1,26,7060.00,146,6.4,1,0
183,50,1,21,5340.00,1828,2.6,1,0
184,34,1,13,5520.00,570,7.1,1,0
185,45,1,22,7060.00,255,0.7,1,0
186,33,1,15,5660.00,339,5.4,1,0
187,46,3,12,6870.00,123,5.1,0,0
190,33,3,20,10900.00,684,9.5,1,0
191,44,3,27,15960.00,1426,5.0,1,0
192,55,2,30,6500.00,143,2.5,0,0
193,35,2,17,8320.00,600,3.7,1,0
194,39,1,20,6130.00,471,5.7,0,0
195,44,1,14,5220.00,406,4.6,0,0
197,37,2,14,4580.00,784,5.7,0,0
198,43,1,22,5460.00,346,7.0,1,0
199,35,1,25,6760.00,1211,4.8,1,0
203,29,1,17,4990.00,453,4.0,1,0
204,34,1,19,5080.00,628,4.4,0,0
205,32,1,15,4620.00,231,6.0,0,0
207,33,1,23,6770.00,128,2.1,1,0
208,37,1,25,6460.00,1055,3.8,1,0
209,34,1,13,4890.00,716,5.4,1,0
210,43,2,17,8550.00,897,1.7,1,0
211,28,1,19,5250.00,790,5.5,0,0
212,50,2,26,9110.00,2376,8.4,0,0
213,35,4,14,6510.00,48,6.3,1,0
215,38,2,25,10020.00,357,2.8,1,0
216,37,4,12,7500.00,60,7.7,1,0
217,46,2,30,14530.00,297,5.4,0,0
219,36,2,27,9190.00,1189,4.9,0,0
222,37,1,30,9610.00,1191,6.0,1,0
224,39,2,20,6740.00,787,5.1,1,0
225,35,1,19,5130.00,546,1.5,1,0
226,39,1,24,8020.00,603,9.5,1,0
227,42,1,29,7090.00,414,4.2,1,0
228,35,1,23,6770.00,176,3.9,1,0
229,37,3,18,5720.00,427,5.9,1,0
230,45,1,17,5290.00,141,4.8,1,0
231,50,1,31,10860.00,932,5.9,1,0
232,51,1,36,10490.00,1728,5.0,1,0
233,38,2,25,6970.00,339,8.2,1,0
234,36,2,24,9610.00,811,3.7,1,0
235,34,1,21,5540.00,143,5.6,0,0
236,37,1,18,5400.00,627,7.1,1,0
237,28,2,12,5620.00,680,2.3,1,0
239,52,2,33,19780.00,1360,8.2,0,0
240,34,4,19,5960.00,152,4.7,1,0
245,42,3,22,6270.00,717,4.5,1,0
246,29,1,13,5230.00,372,7.6,0,0
247,29,1,18,5220.00,444,5.3,1,0
248,42,1,13,5390.00,396,3.0,1,0
250,48,1,23,7380.00,257,4.8,0,0
251,44,1,36,10730.00,865,4.7,0,0
252,28,1,15,4990.00,664,5.6,1,0
253,49,1,18,8090.00,299,6.7,1,0
256,36,3,24,9970.00,1193,4.7,1,0
257,40,4,15,7970.00,266,3.2,1,0
258,29,1,18,5190.00,46,2.8,1,0
259,29,1,22,4830.00,472,2.5,0,0
260,41,1,17,5590.00,64,4.1,0,0
261,33,1,26,5980.00,619,2.6,1,0
264,45,2,20,6850.00,407,7.4,1,0
266,33,1,17,5770.00,191,2.4,0,0
267,39,2,26,8790.00,234,4.0,1,0
268,44,1,17,5120.00,135,4.5,0,0
269,42,2,33,16270.00,1309,3.5,1,0
270,31,1,23,5830.00,425,5.3,1,0
273,47,3,13,6820.00,488,4.3,0,0
274,36,3,19,16860.00,305,9.7,1,0
275,44,1,32,9230.00,263,4.9,1,0
276,56,1,49,19390.00,4106,6.2,1,0
279,31,2,19,6000.00,683,1.1,1,0
280,54,1,38,15870.00,1080,2.0,1,0
281,37,2,26,5910.00,1657,6.8,1,0
282,30,2,12,5260.00,434,2.1,1,0
283,30,3,18,5860.00,246,5.3,0,0
284,35,4,16,7230.00,270,7.7,1,0
285,32,1,19,5110.00,796,5.0,0,0
287,38,2,28,8360.00,63,5.2,0,0
290,31,1,19,5300.00,335,5.4,1,0
291,47,2,29,13380.00,1217,7.9,1,0
292,42,1,22,13150.00,76,4.4,0,0
293,56,1,38,14030.00,1830,6.7,1,0
295,36,1,24,6700.00,371,5.3,1,0
298,25,2,12,4700.00,275,8.9,0,0
299,27,1,17,5690.00,708,5.2,1,0
300,32,4,16,4550.00,219,8.5,1,0
301,34,2,13,4560.00,139,3.5,1,0
302,43,2,29,10430.00,456,4.3,0,0
303,39,1,18,6200.00,282,3.5,1,0
304,33,2,23,7530.00,167,3.2,0,0
305,30,2,21,6380.00,1090,2.2,1,0
307,29,1,18,5480.00,550,6.6,1,0
309,33,1,24,7530.00,1432,6.3,1,0
310,41,1,20,5520.00,139,4.8,1,0
311,40,2,19,7920.00,195,4.2,0,0
312,34,1,15,4620.00,538,2.8,0,0
313,43,2,12,5610.00,335,4.1,0,0
314,53,4,37,37190.00,3514,5.6,1,0
315,38,1,15,4890.00,254,1.5,0,0
316,32,3,20,9390.00,789,4.9,1,0
317,35,1,25,8410.00,425,3.8,1,0
318,31,1,21,5400.00,154,7.4,1,0
319,37,1,18,5500.00,917,5.8,1,0
321,49,3,20,7280.00,273,5.0,1,0
323,41,1,34,8480.00,887,3.9,0,0
324,48,5,22,7580.00,1281,4.2,0,0
325,48,2,28,10050.00,434,8.2,0,0
327,42,1,32,7620.00,549,3.1,1,0
329,48,1,35,13090.00,493,3.3,0,0
330,28,1,20,4820.00,464,5.9,1,0
331,47,1,30,9620.00,1878,6.6,1,0
332,47,5,18,5470.00,190,4.2,1,0
335,43,1,26,6360.00,671,7.2,0,0
336,29,1,17,4970.00,771,4.8,1,0
337,41,1,17,6170.00,322,5.5,0,0
338,45,2,31,10570.00,252,6.2,1,0
340,50,2,24,13390.00,930,8.3,0,0
341,33,1,20,5840.00,238,1.4,1,0
342,24,1,13,4250.00,592,3.4,1,0
343,42,1,24,8680.00,333,6.2,0,0
345,34,1,19,5500.00,607,5.0,1,0
346,32,1,16,5100.00,489,2.3,1,0
348,43,1,27,9180.00,976,6.1,0,0
351,43,1,36,14170.00,1810,3.9,1,0
352,30,1,15,5110.00,229,3.8,0,0
353,31,4,16,5880.00,901,1.0,1,0
355,42,1,21,8130.00,474,6.8,1,0
356,42,4,25,8500.00,1280,4.2,1,0
357,35,3,14,5590.00,204,6.7,0,0
359,33,2,12,5400.00,628,2.7,1,0
360,48,1,21,5550.00,147,5.0,0,0
361,56,1,27,6630.00,1233,6.7,1,0
362,44,4,14,5880.00,535,6.0,0,0
363,36,5,16,7900.00,218,4.6,0,0
364,32,1,13,4820.00,156,5.7,1,0
365,31,1,17,4710.00,334,4.4,1,0
368,39,1,16,5150.00,448,5.5,0,0
369,59,1,29,10510.00,767,5.3,1,0
370,32,2,19,6570.00,795,7.2,1,0
371,44,1,18,6130.00,736,3.7,1,0
372,35,2,20,7680.00,268,1.5,0,0
373,28,1,17,5130.00,270,7.3,0,0
374,33,2,21,5910.00,783,4.7,1,0
377,43,1,31,13560.00,804,4.1,1,0
378,32,1,15,5670.00,357,6.9,1,0
379,39,2,17,6530.00,1806,1.3,0,0
380,46,1,34,6930.00,467,8.2,1,0
381,47,1,38,11570.00,145,2.8,1,0
382,55,1,15,6310.00,364,7.8,0,0
383,36,1,28,6730.00,423,3.5,1,0
384,34,2,24,8880.00,747,4.8,1,0
385,37,1,14,5410.00,534,5.8,0,0
386,28,4,12,4650.00,397,6.1,1,0
388,31,1,23,6650.00,578,4.9,0,0
390,40,1,19,8870.00,1491,5.1,1,0
391,49,1,21,5930.00,1155,4.9,1,0
392,46,2,20,6410.00,196,3.4,1,0
393,27,1,17,5150.00,210,1.2,0,0
394,33,1,25,6590.00,343,1.3,1,0
395,43,2,18,5450.00,189,1.3,1,0
396,40,1,29,8110.00,1184,5.8,1,0
397,41,2,19,6160.00,355,8.6,1,0
400,36,2,20,5360.00,354,4.9,1,0
401,35,1,22,6480.00,611,4.9,0,0
402,34,1,25,6920.00,495,1.3,1,0
403,40,2,27,11010.00,2093,4.7,1,0
404,40,1,28,6830.00,249,4.1,1,0
407,43,1,19,5250.00,356,6.3,1,0
408,44,4,25,12640.00,779,4.9,1,0
409,42,2,21,7080.00,1290,6.9,1,0
410,41,1,17,5240.00,66,6.6,0,0
412,37,1,22,7670.00,700,5.3,0,0
414,53,1,20,8350.00,703,5.1,0,0
415,45,3,20,10860.00,146,2.3,1,0
416,35,1,13,4540.00,776,4.8,1,0
417,53,2,17,6480.00,1064,5.4,0,0
419,42,1,34,7190.00,486,7.6,1,0
420,42,1,19,5350.00,373,3.6,0,0
422,41,2,27,8740.00,437,8.7,1,0
423,40,1,27,8200.00,861,1.7,0,0
424,45,1,30,7640.00,284,4.7,0,0
425,32,2,12,5820.00,254,3.9,1,0
427,27,2,12,5760.00,477,6.8,1,0
428,32,4,12,6680.00,629,4.1,1,0
429,38,2,24,10170.00,247,2.5,0,0
431,49,2,19,8230.00,230,1.9,1,0
432,51,1,42,16090.00,1034,2.8,1,0
433,36,4,14,8060.00,642,6.5,1,0
434,58,1,14,6240.00,350,3.1,1,0
436,27,1,12,4930.00,194,6.8,1,0
437,46,1,21,6520.00,590,6.6,1,0
438,32,2,22,6800.00,690,3.6,1,0
439,39,2,14,6650.00,940,2.5,0,0
440,37,1,13,5310.00,259,5.2,0,0
443,49,5,17,5390.00,1252,5.8,1,0
444,35,1,14,7790.00,382,4.3,1,0
445,37,1,14,6090.00,1088,4.5,0,0
446,40,1,23,6160.00,102,5.2,0,0
447,33,1,24,5520.00,146,6.1,1,0
448,40,1,12,5670.00,441,8.2,1,0
449,58,1,39,17390.00,1415,2.3,1,0
450,33,1,19,5250.00,792,4.9,0,0
451,45,4,13,5800.00,839,6.3,1,0
453,44,1,21,6590.00,765,6.2,1,0
454,31,1,15,5090.00,227,1.8,1,0
455,36,2,24,8650.00,291,6.2,1,0
456,49,4,30,11660.00,822,3.6,1,0
457,46,1,19,7420.00,89,6.3,1,0
458,40,2,26,6430.00,239,5.4,1,0
459,30,3,15,5190.00,456,5.0,1,0
460,31,1,23,6450.00,399,4.7,1,0
461,32,1,14,4940.00,242,7.9,0,0
462,33,1,12,4710.00,24,5.2,0,0
464,48,1,20,7880.00,506,4.4,1,0
466,54,1,26,8020.00,1045,7.6,1,0
467,47,1,24,6600.00,1188,6.6,1,0
468,45,1,38,9840.00,65,4.5,1,0
469,32,1,22,5570.00,548,7.1,1,0
470,37,3,21,5610.00,251,7.6,1,0
471,57,1,50,23580.00,2084,4.8,0,0
473,41,1,28,7130.00,94,6.9,0,0
474,35,1,18,6410.00,835,2.8,1,0
475,45,1,31,9980.00,1461,4.7,1,0
476,35,4,15,5360.00,812,5.2,1,0
478,44,2,29,6030.00,347,6.2,1,0
479,48,1,19,6970.00,864,4.1,1,0
480,38,2,18,6520.00,449,7.9,1,0
481,46,1,13,4690.00,215,5.9,1,0
482,35,1,20,5070.00,69,3.5,1,0
483,32,3,13,4670.00,295,4.4,1,0
484,45,1,12,4890.00,386,7.9,0,0
485,49,2,13,5420.00,676,4.2,1,0
486,53,1,18,5720.00,400,4.2,0,0
487,54,3,30,10280.00,479,3.7,1,0
488,29,2,17,5760.00,655,7.0,1,0
490,30,1,16,5060.00,1020,5.8,0,0
491,32,1,22,5070.00,309,0.5,1,0
492,58,1,25,8980.00,1078,3.8,1,0
493,38,1,14,5190.00,333,7.8,1,0
494,36,2,20,5540.00,545,6.4,1,0
495,38,1,18,6070.00,281,2.6,0,0
497,49,3,30,13610.00,2690,8.1,1,0
498,29,3,13,5360.00,212,4.9,1,0
500,29,1,18,5820.00,158,8.2,1,0
501,49,1,36,15960.00,323,5.2,1,0
504,59,1,21,5930.00,594,7.9,1,0
505,47,1,21,6470.00,786,3.6,0,0
506,34,1,19,6660.00,1072,8.2,1,0
507,39,1,16,5780.00,1513,6.4,1,0
508,48,1,18,5290.00,237,4.8,1,0
510,54,3,33,16070.00,925,2.9,1,0
511,31,1,23,5730.00,480,4.7,0,0
512,37,5,15,12880.00,473,6.5,1,0
513,36,1,19,5620.00,1358,4.6,1,0
514,34,3,22,10900.00,856,0.2,1,0
515,43,2,15,6640.00,221,7.3,1,0
516,35,4,18,4870.00,569,4.2,1,0
517,55,1,30,12840.00,666,8.7,0,0
518,41,1,19,6260.00,296,4.5,0,0
519,38,1,19,5180.00,311,8.2,0,0
520,36,1,20,5320.00,652,1.2,0,0
521,50,1,35,13020.00,910,2.6,1,0
522,52,1,22,6610.00,717,5.0,1,0
523,44,3,25,9580.00,297,5.4,1,0
525,37,1,14,4880.00,349,7.2,1,0
526,36,1,27,9730.00,179,3.0,1,0
529,48,2,14,9330.00,50,6.0,1,0
530,31,4,15,5780.00,730,3.7,0,0
531,27,3,13,5720.00,259,5.2,1,0
532,54,4,31,9910.00,1048,1.5,1,0
534,33,2,16,6550.00,159,4.0,1,0
535,38,3,15,4960.00,898,4.3,0,0
536,40,1,18,6330.00,192,4.5,1,0
538,31,1,12,5040.00,49,7.7,1,0
540,27,3,15,4840.00,689,4.6,1,0
541,42,1,17,6360.00,678,6.3,1,0
543,37,4,20,4940.00,686,2.8,1,0
545,50,2,21,10250.00,371,5.8,0,0
546,32,1,15,5190.00,378,4.0,1,0
548,34,2,22,6950.00,180,6.8,0,0
549,37,1,30,6590.00,1242,5.6,1,0
550,24,1,13,4470.00,318,2.1,1,0
555,35,1,25,6650.00,739,1.8,1,0
557,45,4,24,6360.00,1000,8.5,1,0
558,33,4,17,5450.00,176,7.4,1,0
560,35,2,19,5380.00,213,5.9,1,0
561,43,2,26,10140.00,1632,3.4,1,0
562,46,1,36,13670.00,872,7.2,1,0
563,29,1,21,6150.00,1105,1.6,1,0
565,30,2,15,5580.00,504,3.3,1,0
567,36,1,19,5810.00,180,1.2,1,0
568,29,3,15,6670.00,707,3.9,0,0
569,45,2,32,11030.00,932,5.9,1,0
570,30,3,18,7090.00,738,6.0,1,0
571,52,2,17,6490.00,404,4.2,1,0
572,45,2,26,13850.00,342,2.8,0,0
574,57,2,42,17810.00,803,6.2,1,0
575,46,1,20,6680.00,446,6.0,1,0
576,35,2,22,6190.00,378,7.2,0,0
578,42,1,16,5390.00,533,5.0,1,0
579,52,2,23,8630.00,593,5.3,1,0
580,42,3,29,21390.00,1345,5.0,0,0
581,48,4,25,17520.00,388,3.8,1,0
583,44,4,19,8470.00,379,3.0,1,0
584,34,2,24,5420.00,691,3.8,0,0
585,31,2,17,5440.00,330,1.0,1,0
586,33,2,23,6450.00,696,4.2,0,0
587,58,2,32,28530.00,456,2.0,1,0
588,43,1,24,7070.00,197,3.1,1,0
589,34,2,21,7250.00,440,6.4,1,0
590,35,1,20,5750.00,1033,4.3,1,0
592,39,1,32,10560.00,982,6.7,1,0
593,42,1,15,5510.00,198,0.4,1,0
595,40,2,30,7480.00,584,6.4,1,0
596,53,1,37,16530.00,1469,5.7,0,0
597,37,1,28,11290.00,220,6.9,1,0
600,58,1,32,8580.00,710,5.5,1,0
603,50,1,41,17380.00,1927,5.4,0,0
604,29,4,13,5600.00,588,6.2,0,0
605,39,1,31,6590.00,1173,3.2,1,0
607,29,4,13,8950.00,309,3.8,1,0
608,28,2,17,8450.00,424,9.8,1,0
610,52,1,18,7150.00,376,9.3,0,0
611,35,3,13,5370.00,463,4.2,0,0
613,54,4,33,26080.00,3236,3.0,1,0
614,53,1,40,19420.00,1254,4.3,1,0
615,26,4,12,4770.00,134,2.4,0,0
618,43,1,20,5570.00,257,3.6,1,0
619,49,3,28,8370.00,697,4.5,0,0
620,49,1,35,8360.00,363,4.7,0,0
621,27,1,19,4820.00,275,0.7,1,0
622,46,1,27,13830.00,2207,3.0,1,0
624,46,4,32,19770.00,531,6.9,1,0
625,24,1,13,4780.00,217,0.7,1,0
626,36,1,15,4950.00,88,2.4,1,0
630,36,1,27,8460.00,795,4.7,0,0
631,37,1,28,6730.00,325,5.0,0,0
632,36,1,28,7290.00,139,5.8,1,0
633,43,1,36,10680.00,420,5.9,0,0
634,36,1,13,4940.00,355,7.1,1,0
635,26,1,18,5690.00,403,4.9,0,0
636,40,1,24,6620.00,491,6.1,1,0
637,52,1,26,8570.00,491,7.3,1,0
638,37,2,21,6710.00,1123,1.9,1,0
639,40,3,24,12910.00,90,3.2,1,0
640,37,3,21,7590.00,478,1.9,1,0
641,48,4,30,22460.00,1495,4.1,0,0
643,41,2,22,9320.00,651,5.3,0,0
644,39,2,26,8040.00,488,6.9,1,0
646,42,1,22,7200.00,815,6.2,1,0
648,32,2,21,7010.00,134,2.3,1,0
649,44,1,24,6940.00,446,4.7,1,0
650,43,1,17,6720.00,288,7.0,1,0
652,35,2,24,6680.00,279,2.2,1,0
653,38,2,20,7390.00,1398,5.2,0,0
654,34,3,20,5580.00,541,1.7,1,0
655,48,1,34,8590.00,747,8.3,1,0
658,53,2,19,7880.00,786,5.3,1,0
660,37,1,29,5960.00,271,2.6,1,0
661,39,1,18,6590.00,257,8.0,1,0
662,40,4,18,8530.00,592,5.1,1,0
665,40,2,26,8650.00,1371,6.8,1,0
666,36,4,15,6430.00,704,0.8,0,0
667,33,1,25,7750.00,366,6.1,1,0
668,30,1,15,5050.00,135,5.5,1,0
671,46,3,13,6320.00,437,3.9,1,0
672,34,2,19,4660.00,120,2.9,1,0
674,43,1,26,8240.00,673,5.3,0,0
675,50,1,21,4930.00,258,8.6,1,0
676,48,3,17,6580.00,1666,1.7,1,0
677,46,1,25,6480.00,307,4.7,1,0
678,47,1,34,12630.00,1154,1.0,0,0
679,51,2,40,19800.00,2073,3.5,1,0
681,50,3,35,22720.00,620,1.2,0,0
683,44,2,18,5900.00,213,6.0,0,0
685,30,1,13,4630.00,377,4.9,1,0
686,35,2,13,5150.00,299,6.2,0,0
687,35,3,18,5490.00,1205,5.5,1,0
688,38,3,24,14000.00,666,2.7,1,0
689,25,1,13,4580.00,255,1.9,1,0
690,36,1,27,10100.00,1132,6.5,1,0
692,45,1,34,14990.00,3925,5.4,0,0
693,37,3,20,15830.00,2270,7.8,0,0
695,52,1,17,6240.00,332,7.6,1,0
697,27,2,14,5390.00,69,4.0,1,0
698,44,3,28,5250.00,290,4.6,1,0
699,32,1,22,9270.00,823,4.2,1,0
700,49,2,35,12930.00,161,7.5,1,0
701,54,1,17,5490.00,703,3.4,0,0
702,40,3,18,18700.00,1458,1.3,1,0
703,58,1,20,5530.00,1357,6.8,1,0
706,47,1,38,12600.00,2989,6.9,0,0
708,49,2,33,9320.00,1124,3.6,1,0
709,34,1,12,7540.00,929,4.7,0,0
710,36,5,17,9600.00,194,5.3,1,0
711,32,2,18,6450.00,265,7.2,0,0
712,41,2,14,7680.00,1116,7.4,1,0
713,48,1,23,8730.00,599,5.2,0,0
714,49,4,15,9530.00,1383,6.4,1,0
715,58,1,31,14760.00,277,7.7,1,0
716,46,1,32,8720.00,546,6.6,1,0
717,36,1,26,7200.00,1155,6.5,0,0
718,49,1,15,6410.00,202,4.7,0,0
719,46,1,18,5300.00,159,2.2,0,0
721,39,1,31,6980.00,344,5.9,1,0
722,32,2,15,5610.00,345,5.7,1,0
723,53,1,21,6690.00,361,3.3,1,0
724,45,2,26,16200.00,1187,8.0,1,0
725,40,1,18,5310.00,189,8.3,1,0
726,42,3,17,10510.00,500,2.9,0,0
727,35,1,27,6920.00,438,3.3,0,0
728,46,2,28,15720.00,830,6.4,0,0
729,50,4,14,9400.00,1409,3.2,1,0
730,36,2,12,4890.00,60,2.4,1,0
731,43,1,13,6450.00,767,2.9,0,0
732,44,1,15,6510.00,455,0.3,0,0
733,41,1,16,5360.00,48,6.5,1,0
734,45,3,18,8540.00,648,7.0,1,0
735,46,1,29,7060.00,1751,9.8,1,0
736,48,2,34,17270.00,1970,3.2,1,0
737,36,2,23,6000.00,330,7.3,0,0
738,39,1,30,10160.00,1189,8.0,1,0
740,37,3,16,5610.00,766,3.0,0,0
741,49,3,16,6850.00,365,5.5,1,0
742,34,1,26,8030.00,517,6.4,1,0
743,35,1,21,6080.00,190,3.5,1,0
744,26,1,19,5100.00,175,2.7,1,0
745,27,1,12,4950.00,357,1.8,1,0
746,33,1,16,4900.00,512,4.9,1,0
747,47,2,22,7770.00,633,2.5,0,0
748,37,3,25,11330.00,873,6.7,0,0
750,42,1,34,9280.00,527,4.1,0,0
751,51,2,41,14690.00,1489,9.1,1,0
754,37,1,29,7090.00,486,4.8,1,0
756,29,1,12,4750.00,659,4.3,1,0
757,47,1,19,7140.00,481,4.4,1,0
759,42,3,15,8870.00,339,7.4,1,0
760,46,1,14,4820.00,560,6.6,0,0
761,32,1,25,7670.00,1058,6.9,1,0
763,41,1,29,11550.00,522,12.9,1,0
764,54,1,18,6610.00,184,4.7,1,0
765,50,3,37,19190.00,2479,7.7,1,0
767,42,2,31,11700.00,503,5.2,1,0
768,32,1,25,6060.00,658,4.0,1,0
769,39,1,19,5320.00,887,6.5,0,0
770,40,2,25,9980.00,140,5.9,1,0
771,49,4,21,7710.00,803,4.8,0,0
772,46,2,31,10470.00,862,5.3,1,0
773,45,2,31,12100.00,785,7.4,1,0
774,51,2,26,9250.00,1003,4.7,0,0
776,41,1,30,10790.00,392,1.7,1,0
780,41,3,12,7300.00,1132,6.0,0,0
783,52,1,17,7720.00,511,4.2,0,0
784,52,2,28,10970.00,1859,6.9,1,0
787,36,1,20,6720.00,542,1.7,1,0
789,46,1,19,6020.00,263,4.7,1,0
790,31,1,21,5330.00,505,9.7,1,0
791,35,2,19,4790.00,471,6.6,1,0
793,36,3,12,6230.00,1307,7.0,1,0
794,29,1,15,5080.00,65,4.5,1,0
798,60,1,19,5560.00,881,3.5,1,0
799,39,1,30,7100.00,172,5.1,0,0
800,45,3,24,9970.00,503,2.8,1,0
801,46,2,32,7370.00,348,5.2,0,0
802,44,1,27,7150.00,917,8.5,1,0
805,39,1,31,6890.00,1208,5.9,1,0
806,39,1,25,7200.00,194,3.2,0,0
807,43,2,14,7130.00,41,2.5,1,0
808,26,1,19,5180.00,424,7.3,1,0
809,43,1,21,7240.00,1043,5.2,1,0
811,29,2,19,6840.00,650,6.7,1,0
813,39,1,16,5730.00,454,7.8,1,0
814,34,1,16,5250.00,359,8.0,1,0
815,39,1,19,6830.00,473,4.4,1,0
816,38,2,21,6600.00,99,4.9,1,0
817,32,2,16,5220.00,517,4.5,0,0
818,30,1,20,5620.00,248,6.9,1,0
819,36,1,24,8560.00,1098,4.8,1,0
820,32,2,21,7010.00,573,6.6,0,0
821,50,1,22,7830.00,1425,4.7,0,0
822,44,2,16,5910.00,1034,7.8,1,0
823,32,5,15,10260.00,1224,4.2,1,0
825,44,1,23,5510.00,371,3.9,1,0
827,42,2,29,7050.00,693,7.5,1,0
830,39,1,20,5760.00,310,9.4,1,0
832,32,1,23,7400.00,949,6.7,1,0
834,47,1,17,5100.00,387,8.2,1,0
835,32,1,13,5840.00,270,4.0,1,0
837,39,2,22,5760.00,379,6.2,1,0
838,37,1,17,5230.00,287,7.1,1,0
839,41,1,31,6630.00,416,10.6,1,0
840,54,2,44,26300.00,2169,2.6,0,0
841,27,1,12,4290.00,361,2.6,0,0
842,25,1,15,4570.00,325,7.4,1,0
843,29,1,16,5440.00,294,5.9,1,0
845,56,1,43,20540.00,3331,5.7,1,0
846,49,1,42,18290.00,667,6.6,1,0
847,38,4,12,8000.00,556,4.4,1,0
848,48,1,35,10140.00,431,5.9,0,0
849,38,1,28,6840.00,634,10.4,0,0
850,56,1,29,7500.00,762,6.0,1,0
851,44,2,33,11120.00,423,5.7,0,0
853,37,2,19,7260.00,1987,3.5,0,0
854,36,2,20,7600.00,1245,3.9,1,0
855,46,1,27,6690.00,699,6.4,1,0
857,30,1,17,4910.00,260,8.5,1,0
858,53,1,28,6110.00,706,6.3,1,0
859,56,1,49,24770.00,827,5.6,0,0
861,49,2,30,11200.00,738,3.2,0,0
862,36,1,28,8410.00,735,1.5,1,0
863,48,1,14,4870.00,646,6.1,0,0
864,34,4,17,5840.00,1090,6.9,1,0
866,42,1,34,9420.00,1450,8.9,1,0
867,51,4,17,6870.00,998,5.7,0,0
868,29,1,20,5900.00,914,6.3,1,0
869,48,2,15,8470.00,111,3.0,1,0
870,49,1,39,11300.00,1012,4.2,1,0
872,29,2,18,5400.00,1344,7.0,1,0
873,33,3,18,6150.00,404,7.3,0,0
874,37,1,13,5410.00,416,2.3,1,0
875,30,1,17,5060.00,177,4.7,1,0
876,47,1,39,12500.00,1062,8.6,0,0
877,33,2,12,5000.00,101,4.9,0,0
878,46,1,17,5460.00,255,0.3,0,0
880,39,1,25,7080.00,1603,5.6,1,0
881,34,1,20,6190.00,201,6.6,0,0
882,28,1,16,5000.00,1093,3.1,1,0
883,43,3,21,23050.00,779,4.1,1,0
884,33,2,14,4970.00,1148,4.8,1,0
885,45,4,15,5640.00,112,6.6,1,0
888,30,3,17,7060.00,744,3.7,0,0
889,24,1,14,4530.00,538,4.7,1,0
891,41,2,19,7150.00,974,0.1,1,0
892,31,2,19,5050.00,266,6.1,0,0
893,32,1,23,8100.00,2539,6.9,1,0
894,32,2,19,7940.00,1113,3.0,1,0
895,41,1,32,9740.00,362,3.5,0,0
899,35,3,20,5390.00,68,3.6,1,0
900,24,1,13,4500.00,616,2.7,1,0
902,31,1,21,6110.00,835,1.0,1,0
903,36,1,29,5820.00,290,5.5,1,0
904,49,4,19,42130.00,3193,5.7,1,0
905,51,2,16,6210.00,316,4.7,1,0
906,53,1,36,12620.00,170,6.6,1,0
907,34,1,16,5440.00,375,8.3,1,0
908,35,2,21,8000.00,1745,5.6,0,0
909,36,1,17,4940.00,507,5.2,0,0
910,44,2,16,6790.00,266,3.6,1,0
911,40,2,22,10310.00,582,7.3,1,0
912,41,2,20,6630.00,90,4.4,0,0
914,45,2,34,13600.00,1126,4.3,1,0
915,39,2,22,6640.00,357,5.6,1,0
916,43,2,32,13750.00,1271,3.0,1,0
917,40,3,13,5560.00,205,8.5,0,0
920,32,1,21,7030.00,473,10.4,1,0
921,31,1,21,5170.00,432,1.0,0,0
922,47,2,26,7720.00,1762,3.9,1,0
923,43,1,32,8300.00,756,1.7,1,0
924,27,1,13,4650.00,677,5.9,0,0
925,53,2,23,6520.00,695,4.7,1,0
927,35,1,15,5580.00,126,5.8,1,0
929,37,3,14,4770.00,324,0.8,0,0
931,39,2,27,6320.00,606,7.7,0,0
932,27,1,14,4560.00,149,2.8,1,0
933,35,1,15,4690.00,676,7.7,0,0
934,48,1,29,8960.00,620,1.1,0,0
936,38,2,14,5600.00,644,4.7,1,0
937,28,3,14,4960.00,128,6.6,1,0
938,33,2,16,6790.00,1185,7.8,0,0
939,47,4,33,24120.00,1965,4.1,1,0
941,41,2,27,12330.00,833,6.7,0,0
942,44,1,33,8720.00,544,3.1,1,0
943,49,1,21,6370.00,160,3.3,0,0
945,52,1,32,10640.00,1170,6.3,1,0
947,57,5,38,41980.00,1251,7.9,1,0
948,60,1,22,8540.00,98,7.3,1,0
950,42,2,27,7780.00,82,4.8,0,0
951,38,2,20,5720.00,218,3.1,1,0
953,25,1,18,4960.00,472,3.6,1,0
954,47,3,18,6820.00,34,6.1,1,0
955,48,1,29,8800.00,1138,1.4,0,0
957,36,1,28,10520.00,348,6.9,0,0
958,40,2,29,7160.00,826,1.1,1,0
959,33,1,20,5730.00,275,6.3,1,0
960,49,2,34,12420.00,974,6.2,1,0
961,38,3,21,6420.00,446,6.7,0,0
962,41,2,24,8910.00,454,6.6,1,0
963,31,1,13,5810.00,365,8.0,1,0
964,54,2,17,5770.00,740,5.3,0,0
965,53,1,38,22120.00,703,0.6,1,0
966,48,1,20,6500.00,1047,0.7,0,0
967,32,1,13,5290.00,53,7.1,0,0
969,34,1,17,5250.00,656,5.4,1,0
970,42,1,28,6570.00,774,3.9,0,0
971,29,1,21,6110.00,430,2.9,0,0
972,38,1,28,10800.00,1652,2.8,1,0
973,58,1,12,5290.00,203,5.4,1,0
974,34,3,17,8050.00,378,1.4,1,0
976,42,1,19,9170.00,268,7.1,0,0
977,29,2,19,5710.00,271,6.1,1,0
978,52,1,41,23200.00,3192,8.5,1,0
979,38,1,23,5750.00,391,1.4,0,0
980,30,1,15,4400.00,285,4.4,1,0
981,48,1,30,8910.00,522,4.8,0,0
982,41,3,20,8430.00,1330,2.0,1,0
983,32,2,20,8190.00,742,6.3,1,0
984,30,1,21,6000.00,822,5.6,0,0
985,31,2,13,5400.00,289,4.6,1,0
986,27,1,14,4840.00,467,4.8,1,0
987,35,1,22,6090.00,950,4.5,1,0
988,42,1,20,5290.00,201,5.8,1,0
989,39,1,27,5770.00,793,4.0,1,0
990,44,3,16,11610.00,680,3.3,0,0
991,42,1,18,6440.00,186,7.9,1,0
992,25,1,16,5270.00,417,3.7,1,0
993,45,1,28,8880.00,927,8.8,1,0
995,42,1,15,5010.00,176,7.8,0,0
996,37,1,24,5430.00,532,5.3,1,0
997,40,1,29,7580.00,624,4.3,1,0
998,35,1,13,5300.00,267,5.1,1,0
1000,28,1,18,5800.00,375,3.5,1,0
1001,27,1,18,5150.00,162,7.6,1,0
1002,35,1,14,5940.00,298,1.8,0,0
1003,25,1,12,4750.00,319,8.6,0,0
1006,42,2,16,6340.00,135,7.5,1,0
1007,42,1,17,5210.00,910,5.6,0,0
1008,55,1,15,7780.00,459,4.8,1,0
1009,25,1,17,4840.00,226,6.1,1,0
1010,54,1,42,8560.00,540,5.5,0,0
1012,31,2,14,5530.00,194,4.0,1,0
1013,39,1,23,6350.00,556,8.3,0,0
1014,52,1,25,7790.00,795,4.3,1,0
1016,43,1,14,6160.00,1333,4.6,1,0
1018,26,1,14,4840.00,72,5.4,1,0
1020,34,1,14,5220.00,934,3.7,1,0
1021,38,2,18,6340.00,538,2.5,1,0
1023,30,1,16,4260.00,874,3.6,1,0
1024,34,1,18,5660.00,138,6.8,0,0
1025,40,2,27,6840.00,247,4.8,1,0
1028,32,1,24,5750.00,1032,5.8,0,0
1029,34,2,16,4850.00,456,3.8,1,0
1030,51,2,33,12230.00,2158,4.2,1,0
1031,55,2,27,7880.00,2085,7.1,1,0
1032,27,1,19,5700.00,899,3.1,0,0
1033,32,3,20,6470.00,874,1.3,1,0
1034,48,2,15,5550.00,632,4.9,1,0
1035,39,1,12,4910.00,80,4.5,1,0
1038,50,2,29,11570.00,1042,2.3,0,0
1039,37,1,15,5070.00,406,4.7,1,0
1040,52,3,28,9430.00,271,5.6,0,0
1042,42,3,26,10170.00,394,2.4,0,0
1043,41,1,22,6960.00,1256,6.3,0,0
1044,46,2,13,8420.00,496,4.1,0,0
1046,38,1,22,6260.00,853,4.7,1,0
1047,28,4,13,6980.00,620,3.1,1,0
1048,26,1,13,4910.00,747,6.4,1,0
1049,36,1,28,5780.00,220,2.4,1,0
1051,42,2,28,10730.00,1615,4.1,0,0
1053,44,1,32,9820.00,748,5.2,0,0
1054,44,2,25,10190.00,204,4.9,0,0
1055,50,1,15,5450.00,391,2.7,1,0
1056,49,1,38,11270.00,990,5.8,1,0
1057,40,1,17,6310.00,318,1.5,0,0
1058,30,3,16,5800.00,484,7.8,1,0
1059,31,2,19,6400.00,243,1.8,0,0
1060,41,1,15,5190.00,148,6.9,0,0
1061,36,1,27,6500.00,419,0.8,0,0
1064,48,3,32,15740.00,1416,8.9,1,0
1065,30,1,15,4740.00,526,8.6,1,0
1067,39,2,25,6070.00,417,4.0,1,0
1068,31,1,19,5160.00,600,3.2,0,0
1070,47,1,29,14120.00,1831,4.0,1,0
1072,40,2,12,4560.00,532,5.2,1,0
1073,27,1,20,4850.00,121,4.1,1,0
1076,32,1,23,8750.00,267,5.5,1,0
1077,34,1,21,7270.00,266,3.9,1,0
1079,30,1,22,5940.00,462,5.7,1,0
1080,36,1,13,5380.00,1188,5.7,1,0
1081,54,1,26,7040.00,237,3.4,1,0
1082,31,1,16,4920.00,549,4.1,0,0
1083,29,1,13,4970.00,164,3.6,1,0
1084,36,2,17,8030.00,521,2.6,1,0
1085,53,4,36,25590.00,4017,4.3,0,0
1086,48,2,25,6840.00,157,3.1,1,0
1087,38,1,20,6540.00,616,4.0,1,0
1088,43,1,34,8760.00,498,2.9,1,0
1089,40,2,25,13120.00,2337,9.7,1,0
1091,41,1,33,9420.00,442,6.4,1,0
1092,24,1,16,6450.00,534,9.4,0,0
1094,30,1,12,4780.00,188,5.4,1,0
1095,27,1,19,4670.00,113,5.6,1,0
1096,32,2,22,6890.00,429,3.0,1,0
1097,42,4,16,6660.00,91,5.5,1,0
1098,55,1,46,19090.00,2057,0.7,1,0
1099,41,2,27,9470.00,802,6.0,1,0
1100,40,1,25,7920.00,934,6.5,1,0
1101,43,2,20,8610.00,643,8.7,1,0
1102,49,2,23,6560.00,627,5.3,0,0
1103,35,1,28,11370.00,696,5.8,1,0
1104,32,4,17,8320.00,259,6.6,1,0
1105,34,1,27,7250.00,501,0.9,0,0
1106,41,3,14,5250.00,168,5.5,1,0
1107,39,1,27,6470.00,519,6.9,0,0
1108,41,2,18,15130.00,1500,5.8,0,0
1109,32,3,12,6290.00,1007,4.0,1,0
1111,45,1,25,12180.00,649,7.4,1,0
1113,46,3,19,6000.00,1051,5.5,1,0
1114,39,1,30,6030.00,469,3.6,1,0
1115,36,1,29,8000.00,1113,2.6,1,0
1117,41,1,33,8540.00,186,5.4,1,0
1123,31,2,18,5880.00,267,4.7,1,0
1124,39,2,20,7150.00,627,6.6,1,0
1125,44,2,12,5210.00,197,2.9,0,0
1126,36,1,26,5660.00,1361,4.8,0,0
1127,30,3,17,4580.00,95,6.3,1,0
1128,39,1,15,5740.00,363,5.2,0,0
1129,29,2,15,5390.00,328,4.7,1,0
1130,34,4,16,7500.00,693,2.9,1,0
1131,43,2,18,6210.00,469,2.4,1,0
1132,32,1,16,4780.00,394,4.3,1,0
1133,42,2,13,6580.00,301,3.3,1,0
1134,46,1,29,10320.00,1314,3.7,1,0
1135,35,2,17,6450.00,229,5.6,0,0
1136,40,1,17,6610.00,364,5.1,1,0
1138,41,3,19,5760.00,285,4.5,1,0
1139,37,1,15,5700.00,216,4.0,1,0
1140,25,1,14,4820.00,283,5.2,1,0
1142,31,1,21,6020.00,422,5.6,1,0
1144,36,1,14,4890.00,38,7.9,1,0
1145,31,2,12,5090.00,1571,5.5,0,0
1147,39,2,28,8870.00,912,7.7,0,0
1148,43,1,16,5310.00,429,2.5,0,0
1149,36,2,19,6660.00,251,6.5,0,0
1150,30,1,12,4600.00,181,1.3,1,0
1153,40,3,17,6460.00,562,9.1,0,0
1154,41,1,23,5390.00,504,4.2,1,0
1155,36,1,13,4890.00,346,4.6,1,0
1157,40,1,13,5140.00,224,5.3,0,0
1158,44,1,33,9200.00,587,6.6,0,0
1159,29,2,14,4550.00,176,5.2,0,0
1161,37,2,21,7370.00,280,4.2,1,0
1163,28,1,13,5050.00,326,4.9,1,0
1165,44,1,25,7160.00,300,4.0,1,0
1166,41,3,28,15920.00,1754,2.3,1,0
1167,42,2,21,6830.00,454,3.7,1,0
1169,38,1,18,5870.00,484,5.6,0,0
1170,40,2,22,7950.00,578,1.7,1,0
1171,54,1,35,11160.00,1330,2.0,1,0
1172,36,2,13,6500.00,735,8.3,1,0
1173,42,1,14,5690.00,464,4.6,1,0
1175,31,1,13,5480.00,1614,5.0,0,0
1177,31,1,16,5020.00,349,7.6,0,0
1178,35,2,12,4470.00,863,5.1,1,0
1179,30,2,21,6080.00,277,7.2,1,0
1180,35,1,14,5230.00,228,2.6,1,0
1181,47,2,32,11070.00,2215,6.3,1,0
1183,31,1,15,4810.00,291,6.3,1,0
1184,29,1,19,5830.00,176,4.4,0,0
1186,43,1,22,7070.00,1303,7.2,0,0
1187,50,1,15,5150.00,145,5.7,1,0
1188,37,3,16,7730.00,292,2.1,0,0
1189,44,2,24,8650.00,352,4.5,0,0
1190,48,3,22,9960.00,743,5.3,1,0
1191,42,2,25,7290.00,953,3.9,1,0
1192,48,2,16,8930.00,784,4.8,0,0
1193,52,2,36,9750.00,325,3.9,1,0
1194,38,1,25,5990.00,412,7.2,0,0
1195,28,1,16,5600.00,558,5.3,1,0
1196,46,1,17,6380.00,241,5.8,0,0
1197,28,1,15,5970.00,721,4.7,1,0
1198,27,3,12,4790.00,571,2.7,1,0
1199,28,1,17,4390.00,287,8.2,1,0
1200,29,1,20,5600.00,345,6.7,1,0
1201,35,2,23,6670.00,560,2.4,1,0
1202,29,1,19,5250.00,338,3.0,0,0
1204,40,2,19,15510.00,738,4.7,0,0
1205,42,3,14,5160.00,421,7.0,1,0
1206,47,1,27,7430.00,409,4.1,1,0
1207,30,3,13,4740.00,82,7.6,1,0
1208,48,4,25,8860.00,559,3.0,1,0
1209,34,1,24,7420.00,691,5.1,1,0
1210,39,2,17,7400.00,690,7.5,0,0
1211,31,2,13,4600.00,355,5.3,1,0
1212,52,1,18,6200.00,405,3.1,0,0
1213,36,1,29,5740.00,197,6.1,1,0
1214,47,2,35,15150.00,2696,3.4,0,0
1215,31,2,15,5220.00,493,7.3,0,0
1216,47,1,17,5410.00,83,4.2,1,0
1218,52,2,30,10700.00,2034,3.6,1,0
1219,42,1,15,5320.00,282,8.1,1,0
1220,27,1,20,5290.00,550,3.5,1,0
1221,32,1,22,6030.00,265,4.2,1,0
1223,38,3,18,6030.00,325,6.4,1,0
1225,25,1,15,4600.00,245,4.5,1,0
1226,32,3,17,11840.00,576,6.4,1,0
1227,37,2,13,4920.00,110,2.4,0,0
1228,43,1,28,9980.00,1046,5.2,0,0
1229,32,1,18,6480.00,233,4.3,0,0
1230,30,1,12,4520.00,701,3.3,0,0
1231,49,1,18,5400.00,157,2.7,0,0
1232,39,1,13,5480.00,168,6.6,1,0
1233,51,1,17,4880.00,249,2.7,0,0
1235,47,1,32,10170.00,254,3.7,1,0
1236,42,1,17,5850.00,600,3.9,1,0
1238,46,2,35,12050.00,719,3.3,1,0
1239,45,3,29,11200.00,132,4.9,0,0
1240,34,2,18,5590.00,675,5.8,0,0
1242,41,1,12,6270.00,260,2.9,0,0
1247,36,2,23,5700.00,312,8.4,1,0
1248,36,2,20,9490.00,1059,1.6,0,0
1251,46,2,18,9870.00,627,3.0,1,0
1252,32,3,19,6380.00,428,3.9,1,0
1254,42,1,26,6220.00,277,4.9,0,0
1255,36,2,18,5650.00,239,7.2,1,0
1256,50,2,29,9020.00,1587,3.0,0,0
1257,51,1,41,17140.00,1780,6.9,1,0
1258,44,1,37,11800.00,483,5.5,1,0
1259,34,1,22,6860.00,109,5.2,0,0
1260,45,1,25,8220.00,816,9.9,1,0
1262,51,1,37,16090.00,434,3.5,1,0
1265,48,2,35,31410.00,1325,3.4,0,0
1266,27,1,15,5730.00,263,4.7,1,0
1268,43,1,20,5570.00,706,6.7,1,0
1270,25,2,12,6120.00,128,4.6,1,0
1271,49,3,22,6170.00,380,3.3,1,0
1272,32,2,21,8650.00,2074,5.4,1,0
1273,45,1,34,10380.00,313,5.4,1,0
1275,51,3,17,8590.00,691,5.5,1,0
1276,38,1,18,7360.00,327,3.3,1,0
1277,53,2,19,9630.00,348,4.8,1,0
1278,31,1,18,6220.00,434,2.7,1,0
1279,38,2,27,7850.00,465,4.0,1,0
1281,33,1,13,5040.00,239,7.4,0,0
1282,42,1,17,6350.00,462,2.6,0,0
1283,47,1,29,6600.00,9,7.2,1,0
1284,27,1,17,4800.00,300,3.6,0,0
1285,45,3,29,8400.00,330,4.9,1,0
1287,40,1,27,10760.00,295,7.0,1,0
1288,37,1,16,5170.00,1124,2.4,0,0
1290,59,4,17,12640.00,204,7.2,1,0
1291,30,2,15,5320.00,940,4.8,1,0
1292,32,1,12,4800.00,394,5.2,1,0
1293,33,2,22,5430.00,269,5.3,1,0
1294,46,1,15,4870.00,209,2.8,1,0
1295,50,1,28,7350.00,503,2.6,0,0
1296,48,1,21,7610.00,872,5.8,0,0
1297,31,1,23,5770.00,474,7.5,1,0
1302,41,2,26,6440.00,298,3.5,0,0
1305,47,1,37,14380.00,1978,8.3,1,0
1306,37,1,22,6240.00,601,3.5,1,0
1307,39,1,26,5480.00,558,8.0,0,0
1308,37,2,12,5830.00,487,3.6,0,0
1309,26,1,16,4880.00,453,4.4,1,0
1310,43,1,34,10080.00,1370,5.9,0,0
1311,40,1,23,6290.00,408,6.1,1,0
1313,46,1,13,5660.00,945,3.0,1,0
1314,28,4,12,8010.00,157,5.5,0,0
1315,32,3,15,6440.00,660,5.1,1,0
1316,45,3,20,11890.00,1096,7.4,1,0
1318,31,3,14,6220.00,742,3.7,0,0
1319,28,1,15,4780.00,236,3.7,1,0
1320,36,2,19,7550.00,95,4.1,1,0
1321,42,1,22,5940.00,257,8.3,0,0
1323,43,2,26,20580.00,897,4.5,0,0
1325,35,1,22,5930.00,59,3.2,1,0
1328,31,2,17,7570.00,890,6.4,1,0
1329,45,1,22,6330.00,51,2.9,1,0
1330,33,1,21,5060.00,306,3.6,1,0
1331,33,2,19,5440.00,860,5.4,1,0
1332,56,1,48,25860.00,3555,4.0,1,0
1333,40,2,18,6350.00,247,4.2,0,0
1334,42,1,30,9630.00,654,4.9,1,0
1335,33,1,18,5450.00,1070,5.7,0,0
1336,48,1,35,17210.00,2340,3.9,1,0
1339,47,3,31,20280.00,109,6.7,1,0
1340,36,1,17,5160.00,567,4.6,1,0
1341,36,1,29,6650.00,1073,4.2,1,0
1343,53,1,13,5140.00,175,6.3,0,0
1345,48,2,13,5090.00,387,4.1,1,0
1346,48,3,36,8960.00,1204,4.8,0,0
1347,37,1,30,7300.00,67,4.5,0,0
1348,48,2,17,7670.00,325,5.8,1,0
1349,36,2,16,5490.00,675,3.1,1,0
1350,36,1,25,6260.00,263,4.5,0,0
1351,43,2,16,5400.00,428,6.9,1,0
1352,34,1,26,6580.00,155,7.1,1,0
1354,35,1,16,6030.00,685,2.4,0,0
1355,53,3,31,12760.00,609,9.9,0,0
1356,41,2,32,10060.00,964,3.4,1,0
1357,39,2,12,4720.00,466,3.5,1,0
1358,36,2,22,9170.00,305,7.7,0,0
1359,35,3,17,9710.00,633,6.8,1,0
1360,41,2,25,7740.00,653,0.3,1,0
1362,37,1,28,7060.00,734,3.4,1,0
1364,52,2,30,12050.00,1107,6.4,0,0
1365,32,2,15,6280.00,590,6.4,0,0
1366,47,1,28,9500.00,288,6.9,1,0
1367,45,3,32,17790.00,1360,6.1,1,0
1368,52,1,12,5730.00,1055,5.6,1,0
1369,44,1,21,6790.00,236,2.4,0,0
1370,34,1,24,6280.00,317,3.4,1,0
1372,46,1,28,8240.00,1062,5.8,0,0
1373,41,4,18,9530.00,1423,2.6,1,0
1374,37,1,29,8250.00,1452,6.5,1,0
1375,46,2,28,9320.00,280,7.4,1,0
1376,41,2,14,6440.00,775,2.0,0,0
1377,32,1,23,6270.00,844,3.9,1,0
1379,49,1,35,12620.00,1721,2.6,1,0
1380,24,1,15,4440.00,426,5.9,1,0
1381,45,1,32,8020.00,403,5.6,1,0
1382,25,1,14,5110.00,150,4.8,1,0
1383,40,2,26,7970.00,2372,3.3,1,0
1384,38,1,25,6990.00,318,3.3,0,0
1387,29,1,21,8920.00,672,6.8,1,0
1388,37,2,13,5350.00,975,4.7,1,0
1390,41,1,17,5570.00,588,8.6,1,0
1391,29,1,16,5080.00,712,4.1,0,0
1392,34,2,17,4710.00,1285,5.1,1,0
1393,41,1,12,6340.00,948,2.0,1,0
1395,42,1,31,7700.00,448,3.8,0,0
1396,44,1,15,6090.00,361,5.6,1,0
1397,46,1,29,7580.00,736,5.9,1,0
1398,29,1,21,4820.00,1268,5.5,1,0
1399,35,4,20,7020.00,718,6.2,0,0
1400,52,2,27,8630.00,349,6.3,1,0
1401,33,2,21,6800.00,1268,6.7,1,0
1402,36,2,26,7010.00,534,4.5,0,0
1404,44,2,26,6550.00,68,7.2,1,0
1405,40,1,21,8030.00,112,4.6,0,0
1406,58,2,42,18260.00,823,3.6,1,0
1407,36,2,21,9730.00,970,9.0,1,0
1408,33,1,19,6770.00,473,1.4,0,0
1409,46,1,15,5380.00,328,7.4,1,0
1410,36,2,24,7610.00,289,6.3,1,0
1411,39,1,25,10640.00,156,8.2,1,0
1412,49,1,42,16580.00,162,4.6,0,0
1413,24,3,12,4650.00,840,6.5,1,0
1414,45,1,24,7590.00,2279,4.4,1,0
1415,32,1,21,5390.00,584,4.4,0,0
1416,29,1,14,4640.00,308,4.0,1,0
1417,36,1,23,5300.00,810,8.7,1,0
1418,41,2,31,6430.00,1203,6.0,1,0
1419,31,1,16,4970.00,448,4.4,1,0
1420,46,2,32,21920.00,3011,6.3,1,0
1421,30,2,20,5320.00,634,3.3,0,0
1423,37,2,26,6330.00,405,5.1,1,0
1424,29,1,20,5460.00,677,7.7,1,0
1425,44,4,23,9330.00,616,7.9,0,0
1426,46,2,19,7290.00,487,6.1,1,0
1428,38,5,20,7100.00,822,8.0,0,0
1429,37,2,18,5260.00,291,7.1,0,0
1430,26,1,13,5350.00,177,3.5,1,0
1431,48,1,38,10490.00,843,7.0,0,0
1432,48,1,32,12170.00,660,5.8,1,0
1433,56,1,36,11940.00,1726,6.6,0,0
1434,45,1,26,6860.00,509,1.8,1,0
1435,53,3,32,11290.00,1001,6.1,0,0
1437,32,2,18,6050.00,609,6.4,1,0
1439,48,3,35,23220.00,2798,4.8,1,0
1440,52,1,43,16290.00,2614,4.7,1,0
1441,51,2,34,13390.00,526,3.2,1,0
1442,32,2,17,5700.00,319,6.5,0,0
1443,35,1,18,5510.00,448,7.2,0,0
1445,39,2,17,8450.00,682,3.2,1,0
1446,31,1,22,5280.00,637,3.6,0,0
1447,27,1,12,4960.00,170,5.2,1,0
1448,29,4,15,7870.00,361,7.8,1,0
1449,28,1,12,4930.00,137,5.3,0,0
1450,45,2,14,5820.00,395,3.7,1,0
1451,50,3,25,9640.00,492,7.0,1,0
1452,53,1,25,8420.00,1156,3.5,1,0
1453,29,1,21,8470.00,612,5.5,1,0
1454,44,3,20,5990.00,451,4.8,1,0
1455,34,1,21,5660.00,350,7.1,1,0
1457,46,1,30,9070.00,462,3.6,0,0
1458,40,1,17,6870.00,375,4.4,0,0
1459,54,4,36,36070.00,1843,9.0,1,0
1460,49,2,23,11410.00,379,5.9,1,0
1462,33,1,12,5270.00,287,0.4,1,0
1464,38,1,17,4990.00,705,4.7,1,0
1465,33,1,20,5110.00,363,9.4,1,0
1467,26,1,13,4890.00,178,2.2,0,0
1468,50,2,24,5430.00,457,2.2,1,0
1472,43,1,30,7310.00,1402,4.8,1,0
1473,26,2,12,4580.00,428,6.6,0,0
1474,35,1,28,8250.00,405,5.2,0,0
1476,31,1,23,5840.00,1376,5.8,1,0
1477,35,4,14,10860.00,761,4.4,1,0
1478,47,1,19,7930.00,815,4.2,1,0
1479,36,1,14,5050.00,250,4.1,1,0
1480,41,1,32,7630.00,243,5.0,1,0
1481,52,1,30,9800.00,2514,5.4,1,0
1482,37,1,29,9510.00,381,4.2,1,0
1483,29,1,21,5540.00,275,4.1,0,0
1485,38,2,26,7670.00,734,4.3,1,0
1486,31,3,12,7240.00,827,10.4,0,0
1489,41,2,17,5860.00,379,2.5,1,0
1490,28,1,14,5910.00,567,6.3,1,0
1491,42,1,32,11050.00,1361,5.5,1,0
1492,46,1,29,9610.00,777,5.1,1,0
1493,39,1,28,7240.00,225,7.2,1,0
1494,45,1,16,6620.00,830,8.3,1,0
1496,25,1,13,4410.00,323,4.0,0,0
1497,52,1,40,10830.00,475,2.3,1,0
1498,23,1,12,5120.00,483,7.7,0,0
1499,42,1,27,8300.00,1999,5.6,0,0
1500,44,1,23,7320.00,276,5.0,1,0
1501,35,1,21,7280.00,813,2.4,1,0
1502,32,1,20,5050.00,968,5.1,1,0
1504,51,1,23,6680.00,616,7.2,1,0
1505,23,1,14,4520.00,210,1.4,1,0
1506,42,2,26,15070.00,1127,7.1,0,0
1507,52,1,39,10640.00,425,3.5,1,0
1508,50,1,41,21470.00,32,3.0,1,0
1509,36,2,17,7050.00,121,7.6,1,0
1511,25,1,16,5510.00,765,3.0,0,0
1513,53,2,23,6690.00,308,6.8,0,0
1515,35,1,22,7290.00,860,1.0,0,0
1516,35,1,22,5240.00,358,8.2,0,0
1517,26,2,14,5270.00,155,5.9,0,0
1518,33,2,21,5480.00,515,5.7,1,0
1520,38,1,17,5460.00,380,3.2,1,0
1521,39,1,19,7990.00,962,2.5,1,0
1522,33,1,26,5970.00,625,3.1,1,0
1525,52,2,26,12040.00,2427,1.3,0,0
1526,34,1,15,4680.00,363,4.7,0,0
1527,39,1,32,11720.00,2567,8.1,1,0
1529,39,1,24,7240.00,2186,4.7,1,0
1530,35,1,19,5180.00,714,4.2,1,0
1531,48,1,23,7650.00,766,3.5,1,0
1533,53,1,39,13780.00,504,2.1,1,0
1535,42,2,18,5660.00,672,3.1,0,0
1536,26,2,13,5100.00,792,2.5,0,0
1537,36,4,21,9190.00,482,5.3,1,0
1539,39,3,12,6300.00,509,8.4,1,0
1543,40,3,20,16240.00,1002,5.4,1,0
1544,32,2,21,5590.00,262,6.8,1,0
1545,44,4,26,7420.00,126,1.5,1,0
1546,55,1,38,26410.00,2023,2.8,0,0
1547,51,1,23,7530.00,286,5.5,1,0
1549,39,2,14,7490.00,373,2.9,1,0
1551,48,2,29,14120.00,1863,6.0,0,0
1552,41,1,33,9380.00,501,5.2,1,0
1553,40,3,22,9680.00,722,5.1,1,0
1555,31,1,16,5060.00,154,6.0,1,0
1556,32,3,19,6540.00,487,4.6,1,0
1557,48,2,23,10610.00,206,6.8,1,0
1558,51,1,29,9070.00,718,1.6,1,0
1559,44,1,23,5990.00,446,7.6,1,0
1560,38,2,20,6830.00,631,5.9,1,0
1561,47,3,18,6130.00,435,10.7,0,0
1562,29,2,13,5930.00,636,4.6,1,0
1563,44,2,24,8160.00,1020,8.4,0,0
1564,37,1,18,5800.00,1153,7.6,0,0
1565,30,1,16,5360.00,939,7.9,1,0
1566,32,2,13,5480.00,72,4.1,1,0
1567,36,3,15,5750.00,185,2.7,1,0
1569,39,1,22,6020.00,1194,3.3,0,0
1570,38,1,18,6150.00,269,5.6,1,0
1571,28,1,14,5500.00,376,4.0,0,0
1572,46,2,16,5320.00,342,3.8,1,0
1573,34,1,21,7240.00,1098,2.2,1,0
1575,58,1,46,17180.00,201,6.7,1,0
1577,26,2,16,4710.00,141,2.7,0,0
1578,38,3,19,9380.00,157,6.5,0,0
1579,35,4,19,5890.00,445,4.4,0,0
1580,25,1,13,4850.00,868,3.0,1,0
1582,39,1,29,11310.00,2240,3.2,1,0
1583,46,2,26,6630.00,435,4.7,0,0
1584,46,3,16,6160.00,1005,3.5,1,0
1585,57,1,46,19560.00,925,5.2,1,0
1586,45,2,31,13000.00,161,0.3,1,0
1587,50,1,16,5660.00,375,6.4,0,0
1588,28,3,12,6610.00,904,4.4,0,0
1590,26,2,15,5120.00,569,6.7,1,0
1591,35,1,20,6400.00,96,5.7,1,0
1593,29,2,13,5410.00,155,7.3,0,0
1595,26,2,15,5090.00,181,1.6,1,0
1597,42,1,23,7350.00,610,2.1,0,0
1598,39,1,29,10330.00,1239,0.4,0,0
1600,40,1,28,6090.00,588,0.1,1,0
1602,27,2,12,5900.00,423,6.5,0,0
1605,59,1,30,8190.00,285,4.1,1,0
1606,26,1,13,4450.00,225,4.1,1,0
1607,37,1,23,6080.00,489,4.8,1,0
1608,46,1,12,4630.00,332,5.7,1,0
1609,31,1,17,5750.00,135,8.9,1,0
1610,43,1,20,6140.00,234,3.4,1,0
1611,37,1,15,6530.00,216,7.5,0,0
1612,36,1,29,8310.00,1848,5.8,1,0
1613,29,2,15,4670.00,1068,2.9,1,0
1614,38,1,28,6470.00,519,1.8,1,0
1617,37,2,19,5550.00,560,4.3,0,0
1618,37,2,24,7630.00,197,8.0,0,0
1619,37,1,20,5860.00,263,5.6,1,0
1620,36,1,29,8270.00,884,5.7,1,0
1621,37,1,23,7640.00,1348,6.0,0,0
1623,48,1,38,10640.00,1192,1.6,1,0
1624,48,1,35,9910.00,806,5.4,0,0
1625,33,1,15,5620.00,300,5.5,0,0
1626,36,3,12,5730.00,1167,5.3,0,0
1627,48,3,28,17400.00,1818,1.7,1,0
1628,42,1,25,7310.00,1247,4.3,1,0
1629,39,1,32,9130.00,835,7.8,1,0
1631,37,4,15,5440.00,84,4.5,0,0
1632,33,1,19,6230.00,608,3.1,1,0
1634,40,1,12,4740.00,457,5.2,0,0
1635,33,2,20,4920.00,199,8.4,0,0
1638,28,1,18,5220.00,367,7.2,0,0
1639,27,1,13,4760.00,309,5.1,0,0
1640,28,2,14,5340.00,519,5.4,0,0
1642,28,1,16,5490.00,82,5.7,0,0
1643,34,1,12,4810.00,681,5.0,0,0
1644,28,2,19,6080.00,232,5.5,1,0
1645,35,1,23,6450.00,340,7.4,1,0
1646,31,1,13,4760.00,888,6.7,1,0
1647,32,2,21,6140.00,502,3.9,1,0
1648,32,1,12,4590.00,223,4.6,1,0
1650,42,1,13,5810.00,292,2.3,0,0
1651,34,3,18,9780.00,1369,5.6,1,0
1652,32,1,23,5710.00,399,4.1,1,0
1654,26,2,15,5250.00,786,8.1,0,0
1655,40,2,24,11390.00,1918,2.5,1,0
1656,26,2,15,5770.00,987,4.3,1,0
1657,25,1,18,4970.00,101,7.2,0,0
1658,36,2,19,11730.00,1394,1.7,1,0
1659,37,2,13,5630.00,278,4.2,1,0
1662,46,2,14,5470.00,85,4.8,0,0
1664,32,1,16,5010.00,555,6.0,0,0
1665,29,2,19,5470.00,22,7.9,1,0
1666,35,1,14,4950.00,56,5.5,0,0
1667,29,1,13,5350.00,460,3.3,1,0
1668,40,3,19,8050.00,447,8.1,1,0
1669,37,2,23,6770.00,249,5.3,0,0
1670,44,2,13,5680.00,1284,5.8,1,0
1671,27,4,13,5540.00,656,2.5,1,0
1672,36,1,26,8130.00,1610,3.3,1,0
1673,41,1,22,6220.00,640,1.3,0,0
1674,31,1,20,5750.00,304,5.6,0,0
1676,54,3,30,10940.00,366,5.4,0,0
1677,49,4,12,9250.00,1150,3.0,1,0
1681,60,1,23,6980.00,661,5.0,1,0
1682,51,1,24,5430.00,459,7.1,1,0
1683,30,1,22,6330.00,1081,6.7,0,0
1684,40,2,13,5550.00,232,4.3,1,0
1685,30,1,12,6410.00,86,3.0,1,0
1687,45,1,38,9040.00,1790,3.3,1,0
1688,35,2,22,7270.00,1477,3.9,1,0
1689,34,4,15,14520.00,959,8.0,0,0
1691,34,2,20,8520.00,195,5.1,0,0
1694,30,1,19,5090.00,393,7.6,1,0
1696,38,2,28,10600.00,722,2.0,1,0
1697,49,2,33,11550.00,1099,9.9,0,0
1698,28,1,21,7510.00,636,3.4,1,0
1700,35,1,22,7020.00,402,9.1,1,0
1701,50,4,30,18970.00,2390,4.9,1,0
1702,40,2,23,8360.00,77,5.1,1,0
1703,53,1,33,8310.00,386,8.0,0,0
1704,26,1,17,5040.00,563,5.8,1,0
1706,57,1,33,11820.00,677,4.3,1,0
1707,55,2,43,25510.00,637,4.5,1,0
1708,38,1,27,9590.00,476,4.8,0,0
1709,48,2,25,6200.00,721,1.4,1,0
1710,42,1,16,6480.00,452,7.1,1,0
1711,35,1,12,5030.00,595,6.7,1,0
1712,52,2,33,9490.00,388,5.8,1,0
1713,33,2,19,8540.00,339,1.8,0,0
1714,43,2,32,10050.00,1724,6.2,0,0
1715,49,1,13,5470.00,371,5.3,0,0
1716,33,1,26,6470.00,254,3.3,0,0
1717,30,3,15,5190.00,725,1.8,1,0
1719,48,1,32,14860.00,2517,7.3,0,0
1720,48,1,31,9810.00,731,7.3,1,0
1721,44,2,22,6310.00,411,2.4,1,0
1723,27,2,15,6800.00,568,0.7,0,0
1724,30,1,16,6800.00,472,3.1,1,0
1726,43,3,19,8300.00,404,7.1,1,0
1729,48,2,29,19050.00,2205,2.2,1,0
1730,41,1,33,7860.00,621,4.0,1,0
1732,46,2,25,6660.00,715,1.7,0,0
1733,52,1,45,26960.00,3310,8.7,1,0
1734,26,1,19,5580.00,343,8.4,1,0
1735,39,1,29,10290.00,227,0.2,0,0
1738,45,1,18,7240.00,1222,8.6,1,0
1739,52,5,17,5490.00,450,7.6,1,0
1742,37,1,29,9350.00,571,7.0,1,0
1743,32,1,17,4750.00,384,3.9,1,0
1745,32,2,17,7040.00,794,2.4,1,0
1747,25,2,13,4520.00,374,5.6,1,0
1748,39,1,16,6060.00,101,6.2,1,0
1750,36,2,12,5360.00,507,4.9,1,0
1752,31,4,12,4720.00,430,5.6,0,0
1753,51,2,35,15630.00,1720,5.6,1,0
1754,34,1,25,7430.00,171,8.8,0,0
1756,30,1,20,4960.00,159,4.3,0,0
1758,34,1,24,6370.00,430,6.1,1,0
1759,50,1,33,17930.00,2273,4.9,1,0
1762,34,1,22,7830.00,565,1.5,1,0
1763,47,3,25,5780.00,835,6.7,0,0
1767,44,1,22,7680.00,361,8.4,1,0
1770,38,1,30,6360.00,1340,6.8,1,0
1771,50,1,41,13640.00,4023,5.5,1,0
1772,34,1,15,4690.00,639,5.4,1,0
1773,50,2,23,7780.00,557,0.2,0,0
1774,40,2,13,5540.00,1084,1.9,0,0
1775,30,1,18,5330.00,474,6.0,1,0
1776,47,1,13,5950.00,556,3.7,1,0
1777,45,1,21,5110.00,181,1.2,1,0
1778,50,3,24,7240.00,620,8.0,0,0
1779,33,1,17,5030.00,860,1.6,0,0
1780,30,1,14,4920.00,421,0.6,0,0
1781,39,3,20,5140.00,220,5.9,1,0
1782,39,1,15,5330.00,899,5.5,1,0
1783,32,1,23,5960.00,22,4.7,1,0
1784,51,3,13,6200.00,359,3.3,1,0
1785,27,1,18,4530.00,262,2.9,1,0
1787,57,2,24,9740.00,1139,4.7,1,0
1789,29,2,17,6670.00,1073,3.3,1,0
1790,39,2,20,10490.00,1303,4.2,1,0
1791,34,2,20,6650.00,1141,7.7,1,0
1792,33,4,17,5160.00,378,2.1,1,0
1795,40,3,12,7480.00,926,5.5,0,0
1796,45,1,32,8880.00,1337,7.3,1,0
1797,42,1,14,5650.00,468,6.0,1,0
1798,32,1,22,5620.00,451,1.9,1,0
1799,33,4,18,7690.00,977,6.1,0,0
1800,43,2,23,7270.00,793,1.8,1,0
1801,38,4,18,6540.00,993,3.4,0,0
1806,40,1,30,7820.00,879,1.8,0,0
1807,48,1,29,8650.00,1003,3.4,1,0
1809,25,1,14,5670.00,285,5.2,0,0
1810,36,1,13,5510.00,163,8.0,1,0
1812,45,1,27,7430.00,566,4.6,0,0
1813,33,4,18,5460.00,197,5.1,0,0
1814,42,4,19,9890.00,609,9.7,0,0
1816,29,1,21,5800.00,1106,5.3,1,0
1817,29,2,14,5270.00,371,7.7,0,0
1819,41,2,26,6700.00,514,3.9,0,0
1820,45,1,20,5170.00,246,1.3,1,0
1821,41,1,19,5810.00,291,5.7,0,0
1822,45,1,14,5850.00,218,1.1,1,0
1823,42,1,27,7570.00,470,2.1,1,0
1824,33,1,18,5040.00,393,6.6,0,0
1826,48,4,24,18040.00,808,4.2,1,0
1828,44,1,36,17410.00,2030,5.6,0,0
1829,40,1,19,6980.00,997,5.4,1,0
1830,36,1,17,5280.00,1041,3.5,1,0
1832,43,1,18,5650.00,396,3.7,1,0
1833,39,2,12,7780.00,316,5.7,0,0
1835,34,2,12,5220.00,116,4.7,1,0
1836,47,1,37,11400.00,1794,8.9,1,0
1838,37,1,30,6260.00,64,3.5,0,0
1840,44,1,36,13030.00,1581,6.1,1,0
1841,39,1,32,6830.00,346,2.3,1,0
1843,39,2,13,7400.00,178,6.4,1,0
1844,41,3,18,11370.00,1047,7.8,0,0
1845,45,2,23,7170.00,132,5.6,1,0
1846,41,1,30,8170.00,804,3.7,1,0
1847,31,3,17,7220.00,301,5.2,0,0
1848,31,3,15,7060.00,324,4.6,1,0
1849,47,1,13,6020.00,146,3.9,1,0
1850,46,1,24,5880.00,428,3.4,1,0
1851,24,1,17,4740.00,403,4.1,1,0
1852,41,1,21,6990.00,1065,2.8,1,0
1853,42,1,25,6340.00,1039,8.2,0,0
1854,39,1,25,6020.00,419,6.3,0,0
1855,46,3,18,8070.00,719,6.2,0,0
1856,30,1,23,6200.00,665,4.2,1,0
1857,36,2,20,5690.00,391,1.8,1,0
1858,44,1,22,7220.00,685,1.1,1,0
1859,36,1,29,11870.00,1013,6.5,1,0
1861,51,2,16,5890.00,98,5.0,1,0
1863,45,1,35,11090.00,1110,9.3,1,0
1864,35,1,28,6530.00,246,0.3,0,0
1865,28,2,15,5730.00,662,5.3,0,0
1866,34,1,15,4870.00,354,2.4,0,0
1867,47,1,24,9020.00,927,5.8,1,0
1868,49,2,17,7550.00,632,7.0,0,0
1869,40,2,23,6260.00,1327,3.3,0,0
1870,33,1,23,8910.00,367,7.6,0,0
1872,44,1,19,6440.00,877,0.5,1,0
1873,29,4,15,7110.00,499,4.0,0,0
1875,32,2,14,5720.00,398,5.9,0,0
1876,33,3,17,5440.00,189,3.0,1,0
1879,31,1,20,5430.00,381,4.0,1,0
1880,29,1,19,6760.00,201,8.0,1,0
1881,39,1,24,9450.00,733,3.8,0,0
1882,44,2,31,10260.00,1632,5.9,1,0
1883,34,3,14,8230.00,798,3.1,0,0
1884,46,1,29,6700.00,291,1.1,1,0
1885,58,3,27,20010.00,1492,6.7,0,0
1886,27,1,16,6260.00,555,1.3,1,0
1888,35,1,24,7740.00,161,0.9,0,0
1889,36,1,27,6870.00,677,1.7,0,0
1890,44,3,28,19110.00,282,2.3,1,0
1891,40,1,31,9030.00,795,6.1,1,0
1893,38,2,24,7210.00,666,5.2,1,0
1894,43,3,25,6770.00,573,5.4,1,0
1896,45,1,22,7250.00,453,3.4,1,0
1897,46,1,31,7680.00,874,5.8,1,0
1898,40,1,26,7060.00,206,7.2,1,0
1899,44,1,12,5100.00,530,4.2,1,0
1900,49,1,26,6650.00,306,7.3,0,0
1904,23,3,12,4650.00,132,7.5,0,0
1906,32,1,18,5590.00,393,7.7,1,0
1907,40,1,23,7810.00,411,4.6,1,0
1908,44,1,34,10020.00,1249,6.7,0,0
1909,41,2,27,9840.00,1195,3.7,1,0
1911,38,1,20,5480.00,927,4.3,1,0
1912,40,1,19,5870.00,78,0.3,1,0
1914,47,1,38,12360.00,344,4.4,1,0
1916,34,4,17,5780.00,558,5.0,0,0
1917,41,1,20,5640.00,597,4.7,0,0
1918,38,2,24,7160.00,920,4.0,0,0
1919,38,5,18,7310.00,204,2.1,1,0
1921,26,1,17,4790.00,156,6.6,1,0
1923,53,2,12,9240.00,1859,1.5,1,0
1924,27,1,20,6020.00,572,5.7,1,0
1925,37,1,30,7300.00,1128,4.4,0,0
1926,28,3,12,4900.00,771,6.9,1,0
1927,37,1,16,7080.00,1064,4.2,1,0
1928,42,1,27,6790.00,320,6.7,0,0
1929,31,2,19,6850.00,375,4.3,0,0
1931,39,1,14,6120.00,143,7.2,0,0
1932,46,3,15,6910.00,87,8.0,1,0
1933,31,1,19,7270.00,835,4.1,1,0
1934,29,2,16,5000.00,30,5.5,0,0
1935,41,2,23,8590.00,749,5.2,1,0
1936,41,4,20,10710.00,347,1.6,1,0
1938,32,1,16,4860.00,183,6.6,0,0
1941,40,2,24,6710.00,434,5.2,1,0
1942,35,1,19,5740.00,231,6.2,1,0
1943,36,1,28,8570.00,695,3.6,1,0
1944,27,2,15,6920.00,743,3.6,0,0
1945,34,3,13,6400.00,126,3.9,1,0
1946,54,3,32,17560.00,958,7.2,1,0
1947,35,1,15,4670.00,397,9.0,1,0
1948,36,1,27,9870.00,214,2.7,1,0
1949,40,1,33,12380.00,527,6.3,1,0
1950,36,1,21,11440.00,1246,9.0,1,0
1951,29,1,17,4760.00,205,2.3,1,0
1952,51,2,33,27830.00,1107,5.7,1,0
1953,36,1,16,5020.00,160,4.4,1,0
1954,56,1,43,16170.00,949,6.6,1,0
1956,35,2,23,7620.00,909,10.0,0,0
1957,41,1,14,5410.00,584,7.8,0,0
1958,35,3,16,5740.00,90,3.5,0,0
1959,58,1,31,9660.00,664,6.0,1,0
1960,39,1,27,6310.00,667,4.1,1,0
1963,43,1,18,6260.00,343,6.8,1,0
1964,32,1,16,5390.00,734,6.1,1,0
1968,35,3,23,11810.00,790,7.5,1,0
1969,41,1,24,5760.00,582,2.6,1,0
1970,47,1,17,6310.00,910,4.0,1,0
1971,40,1,30,9380.00,1715,6.7,1,0
1972,40,2,20,9620.00,355,4.4,1,0
1974,32,3,16,5750.00,386,3.4,1,0
1975,49,2,30,8410.00,689,4.2,0,0
1976,33,1,21,7320.00,944,6.3,1,0
1977,34,1,14,4990.00,515,4.0,1,0
1979,39,3,23,9910.00,1495,3.4,0,0
1981,42,1,19,4970.00,321,4.4,0,0
1982,46,2,23,6690.00,889,7.9,1,0
1983,51,3,34,21690.00,1667,6.3,1,0
1984,49,2,32,20190.00,1265,5.7,1,0
1985,27,4,13,5860.00,341,7.5,1,0
1986,31,1,20,6800.00,922,4.7,1,0
1987,40,3,17,5000.00,528,3.7,1,0
1989,40,2,27,14540.00,1179,3.2,0,0
1990,36,1,22,4750.00,230,4.0,1,0
1991,39,1,29,6330.00,946,6.1,1,0
1992,45,1,20,7260.00,549,5.0,1,0
1993,40,3,21,6400.00,334,2.0,1,0
1994,40,2,25,6850.00,404,8.2,1,0
1995,34,2,16,5350.00,372,5.3,1,0
1996,36,2,25,11120.00,402,6.1,1,0
1997,30,2,21,5980.00,355,4.0,0,0
1998,47,1,39,10610.00,196,5.2,1,0
1999,39,1,31,7310.00,163,6.9,0,0
2000,43,1,28,7340.00,797,5.9,0,0
4,44,1,16,5400.00,646,6.3,1,1
7,28,2,16,4710.00,326,4.3,1,1
8,34,4,20,8710.00,1668,4.1,0,1
14,28,1,15,5950.00,617,4.2,1,1
34,35,5,16,6530.00,338,4.7,1,1
35,37,1,12,5430.00,579,5.2,1,1
36,34,3,16,6410.00,1236,5.2,1,1
39,29,2,18,5750.00,301,4.8,0,1
46,35,2,19,4910.00,779,5.3,1,1
48,36,1,16,6510.00,1292,0.4,1,1
49,29,4,14,8010.00,200,1.4,1,1
51,43,2,16,5650.00,874,3.6,1,1
62,35,1,14,7380.00,538,4.9,1,1
64,36,2,24,8530.00,1410,2.7,1,1
70,34,4,19,5650.00,1867,6.0,1,1
71,43,2,16,5160.00,555,5.1,1,1
72,28,1,14,4810.00,1299,3.3,1,1
79,30,1,19,5190.00,429,3.8,1,1
104,26,1,13,5030.00,1092,5.7,0,1
109,42,1,26,8660.00,1710,5.2,1,1
111,41,1,12,5210.00,149,4.4,0,1
112,30,4,13,5310.00,950,3.1,1,1
114,48,2,37,11020.00,2851,7.2,1,1
119,38,1,18,5850.00,1404,5.9,1,1
124,32,4,13,10770.00,1401,2.0,0,1
126,37,4,14,4770.00,22,2.6,0,1
133,29,2,15,5150.00,546,9.7,1,1
139,32,1,14,6250.00,550,6.9,1,1
140,27,1,15,5080.00,602,4.5,0,1
141,42,1,13,5610.00,1231,5.8,1,1
145,28,1,17,6140.00,1374,1.1,0,1
146,32,1,13,4610.00,254,4.0,1,1
154,36,4,12,5480.00,1110,5.7,0,1
161,33,2,12,5000.00,231,4.5,1,1
162,34,1,23,9560.00,1229,5.6,1,1
170,30,4,15,10080.00,1042,2.3,1,1
176,26,1,19,5140.00,842,5.2,1,1
179,27,1,17,5000.00,287,0.1,0,1
188,27,4,13,4330.00,664,3.5,0,1
189,48,1,25,10640.00,3004,8.1,1,1
196,40,1,16,5630.00,207,5.3,1,1
200,33,1,25,5790.00,1579,2.1,1,1
201,33,3,20,7920.00,1230,4.1,0,1
202,31,2,12,5530.00,504,4.6,1,1
206,50,2,29,14830.00,3089,4.1,1,1
214,27,1,13,4790.00,1333,3.6,1,1
218,28,1,12,4480.00,592,7.0,1,1
220,25,1,13,5500.00,1230,1.8,0,1
221,36,1,13,4750.00,823,2.0,0,1
223,33,1,16,7120.00,1226,10.0,0,1
238,24,3,12,5630.00,857,7.1,0,1
241,25,2,14,5340.00,553,3.7,1,1
242,35,1,17,5000.00,756,8.6,0,1
243,45,2,31,11350.00,1162,0.7,1,1
244,32,1,17,4920.00,1153,6.4,1,1
249,38,3,16,6750.00,928,6.7,0,1
254,24,1,12,4210.00,1137,6.3,1,1
255,26,2,14,8670.00,633,2.7,1,1
262,40,4,15,8120.00,885,1.3,0,1
263,37,3,14,6350.00,814,4.8,0,1
265,43,1,27,7270.00,585,10.0,1,1
271,39,2,14,6300.00,1033,9.3,0,1
272,48,1,14,5510.00,741,4.6,1,1
277,30,1,12,5240.00,846,4.3,1,1
278,27,3,15,5160.00,107,2.4,1,1
286,38,2,18,5060.00,968,9.2,0,1
288,29,2,12,4560.00,613,1.3,1,1
289,45,1,12,5080.00,881,4.5,0,1
294,26,1,18,5270.00,915,3.8,1,1
296,39,3,17,6920.00,1409,1.8,1,1
297,44,2,14,5270.00,505,8.6,0,1
306,25,1,17,5110.00,453,6.8,1,1
308,40,3,12,8740.00,247,3.5,1,1
320,29,1,15,6280.00,701,4.7,0,1
322,54,1,19,6570.00,419,4.0,1,1
326,45,3,19,7610.00,1415,6.0,1,1
328,29,1,15,5070.00,623,6.4,1,1
333,38,2,16,10030.00,707,8.1,1,1
334,27,1,16,5040.00,99,3.1,1,1
339,39,2,15,10410.00,1514,3.4,0,1
344,24,2,14,5010.00,690,5.9,0,1
347,48,4,19,18270.00,2513,5.5,1,1
349,32,3,14,4650.00,834,8.5,1,1
350,28,1,17,5080.00,845,4.2,1,1
354,50,1,35,10810.00,258,6.1,1,1
358,31,3,17,6350.00,670,3.6,1,1
366,29,1,20,4940.00,1455,3.8,1,1
367,31,1,13,5480.00,481,5.3,1,1
375,40,1,12,4750.00,643,4.1,1,1
376,34,1,22,5800.00,284,7.1,1,1
387,31,1,22,6310.00,540,5.4,1,1
389,28,1,17,5400.00,441,7.5,0,1
398,43,3,12,6640.00,447,10.3,1,1
399,45,1,14,5260.00,386,5.6,0,1
405,31,1,13,4740.00,154,3.0,0,1
406,29,1,19,5020.00,822,3.9,0,1
411,49,4,16,7490.00,1253,3.1,1,1
413,42,3,12,7910.00,1140,2.6,0,1
418,48,3,24,9000.00,2157,7.3,1,1
421,25,1,14,4680.00,1248,1.3,1,1
426,42,2,18,9350.00,795,3.8,1,1
430,26,2,12,4780.00,417,5.9,1,1
435,24,1,17,5620.00,239,2.9,1,1
441,26,4,12,5490.00,704,4.7,1,1
442,27,1,14,4370.00,562,3.5,1,1
452,35,1,14,4970.00,842,4.2,1,1
463,54,1,38,11660.00,1693,6.0,0,1
465,35,1,27,10500.00,1263,5.4,0,1
472,33,2,24,9990.00,1440,6.0,1,1
477,24,3,12,5650.00,179,7.2,1,1
489,40,3,22,6190.00,1908,1.5,0,1
496,30,2,20,6260.00,1416,6.2,0,1
499,41,2,15,6820.00,1467,6.5,0,1
502,45,2,34,22330.00,1601,0.9,1,1
503,45,1,26,7500.00,972,1.0,1,1
509,35,1,16,5500.00,1207,5.3,0,1
524,28,1,15,4750.00,371,5.9,1,1
527,36,1,13,5740.00,365,9.7,1,1
528,23,1,13,4530.00,453,3.5,1,1
533,53,3,24,6710.00,1476,2.3,1,1
537,34,1,12,4960.00,355,4.9,1,1
539,31,2,14,4630.00,231,2.9,1,1
542,35,4,13,5630.00,681,8.7,1,1
544,38,2,21,8710.00,1361,4.9,1,1
547,27,2,14,5220.00,1039,3.4,1,1
551,44,3,14,7990.00,2103,4.4,0,1
552,36,1,25,9170.00,1086,2.2,1,1
553,41,2,21,10680.00,1673,5.4,1,1
554,33,2,22,7720.00,2033,4.8,0,1
556,38,3,13,5620.00,771,4.0,1,1
559,32,4,13,5030.00,608,8.7,0,1
564,34,5,15,29010.00,3591,5.3,1,1
566,38,3,15,6530.00,1322,5.9,1,1
573,49,2,37,29040.00,3104,4.0,0,1
577,32,4,12,13470.00,1449,5.5,1,1
582,32,1,12,4870.00,533,6.5,1,1
591,38,1,28,15060.00,1737,4.4,1,1
594,25,1,16,4400.00,821,5.7,0,1
598,40,1,13,5530.00,444,3.4,1,1
599,31,1,14,4970.00,1135,4.5,1,1
601,59,2,48,30030.00,5705,6.6,1,1
602,40,2,14,6220.00,1328,5.5,1,1
606,36,1,12,5510.00,613,7.9,0,1
609,43,4,15,9050.00,669,1.9,1,1
612,53,1,13,5050.00,367,4.2,1,1
616,36,1,14,4760.00,585,7.6,0,1
617,31,1,17,5310.00,1515,7.5,1,1
623,26,1,12,4760.00,314,5.1,0,1
627,33,3,12,5450.00,750,8.2,1,1
628,27,4,12,5330.00,150,4.3,1,1
629,34,1,16,4840.00,624,5.3,1,1
642,41,4,25,10620.00,2559,8.8,1,1
645,39,2,17,9510.00,539,5.3,0,1
647,28,1,17,4810.00,1227,4.4,1,1
651,28,1,13,4510.00,855,7.8,1,1
656,54,1,46,27810.00,4777,5.6,1,1
657,28,1,16,4660.00,1094,1.6,0,1
659,34,1,18,7680.00,1301,3.8,1,1
663,42,2,20,5580.00,1161,3.9,1,1
664,40,1,17,4870.00,1741,5.1,1,1
669,51,1,21,8400.00,771,7.2,0,1
670,50,2,13,5170.00,1306,8.1,1,1
673,36,2,26,7940.00,881,4.3,1,1
680,28,2,18,5150.00,376,3.5,1,1
682,44,1,18,6020.00,125,5.3,1,1
684,28,4,14,5570.00,303,2.7,0,1
691,36,2,17,6310.00,1332,6.6,1,1
694,48,3,14,7730.00,372,8.2,1,1
696,29,1,12,4620.00,545,6.7,1,1
704,43,1,14,5350.00,957,5.9,1,1
705,33,3,13,7400.00,1135,6.1,1,1
707,34,1,13,5210.00,770,4.2,0,1
720,31,1,16,7530.00,2034,8.8,1,1
739,44,3,13,4740.00,679,5.7,0,1
749,34,1,21,6000.00,1483,6.5,1,1
752,29,2,17,7280.00,1576,2.9,0,1
753,48,2,26,12350.00,1872,2.9,1,1
755,43,4,27,17980.00,5002,5.5,0,1
758,31,1,23,7910.00,1063,4.4,0,1
762,55,1,42,19400.00,5872,5.5,1,1
766,33,2,13,4820.00,595,2.3,1,1
775,43,1,30,15480.00,5294,6.1,1,1
777,32,1,18,6500.00,1145,6.9,1,1
778,50,4,28,20260.00,2925,3.6,0,1
779,34,2,21,9000.00,1229,6.1,0,1
781,38,4,18,6130.00,238,4.4,1,1
782,38,2,25,12560.00,2959,9.1,1,1
785,30,2,17,7390.00,855,4.2,1,1
786,34,3,13,4630.00,512,3.2,0,1
788,55,2,12,5230.00,1231,6.6,1,1
792,42,1,12,5090.00,286,4.4,0,1
795,37,3,19,8360.00,1441,3.4,0,1
796,39,3,16,10830.00,2813,3.4,1,1
797,26,2,16,6660.00,327,3.3,0,1
803,38,4,19,12570.00,2911,3.6,1,1
804,29,1,17,5410.00,762,4.9,1,1
810,27,1,15,4980.00,401,6.4,1,1
812,31,2,14,7130.00,1050,5.3,1,1
824,43,1,14,5640.00,761,4.6,0,1
826,37,1,15,6320.00,702,5.7,0,1
828,37,1,12,5280.00,467,4.1,1,1
829,26,2,16,5640.00,832,5.5,0,1
831,35,3,16,6960.00,889,3.9,0,1
833,51,2,13,4740.00,637,5.6,1,1
836,26,1,17,5370.00,1114,5.3,1,1
844,31,1,19,4870.00,506,5.4,0,1
852,31,3,18,5320.00,528,5.7,1,1
856,33,1,21,6530.00,697,3.8,1,1
860,33,4,13,6190.00,995,5.7,1,1
865,25,1,14,4740.00,1168,1.9,1,1
871,40,2,12,6730.00,1424,5.3,1,1
879,25,3,12,5640.00,605,7.9,1,1
886,41,2,25,7530.00,560,1.8,1,1
887,30,1,12,5720.00,416,7.4,1,1
890,51,3,22,9330.00,3554,4.4,0,1
896,27,2,15,6180.00,944,11.0,0,1
897,29,1,19,5910.00,295,5.4,1,1
898,35,2,20,4990.00,971,3.3,1,1
901,35,1,13,5090.00,211,4.1,1,1
913,34,1,12,5360.00,804,6.5,1,1
918,51,2,12,5520.00,441,5.5,1,1
919,32,1,19,5690.00,1032,6.3,0,1
926,43,2,19,5460.00,915,5.0,1,1
928,45,1,34,14090.00,1084,6.3,1,1
930,37,2,12,5730.00,781,3.8,1,1
935,44,3,16,11410.00,1897,5.7,1,1
940,41,1,29,9840.00,3023,5.2,0,1
944,47,3,13,6960.00,683,6.1,0,1
946,47,2,29,8580.00,1077,5.6,0,1
949,38,1,13,5040.00,483,5.8,1,1
952,35,1,14,5970.00,1327,3.0,1,1
956,52,1,17,6090.00,401,7.6,0,1
968,29,1,18,5260.00,1457,7.4,0,1
975,42,3,28,7200.00,1161,6.1,1,1
994,40,3,16,9980.00,1841,3.3,1,1
999,35,1,16,4970.00,1184,3.7,0,1
1004,38,1,14,4900.00,1044,3.3,0,1
1005,37,2,16,5390.00,473,5.1,1,1
1011,27,2,18,4820.00,871,4.7,1,1
1015,46,1,14,5600.00,1115,5.4,0,1
1017,39,4,23,9490.00,1594,3.0,0,1
1019,31,1,22,6030.00,757,5.1,1,1
1022,47,2,35,14260.00,1980,3.3,1,1
1026,30,3,17,7620.00,536,6.5,1,1
1027,36,2,20,6430.00,365,5.5,1,1
1036,43,3,15,7760.00,1775,6.1,1,1
1037,23,1,13,5230.00,769,4.2,1,1
1041,50,1,14,5530.00,106,5.9,0,1
1045,25,2,12,5750.00,918,7.1,1,1
1050,36,2,13,5970.00,2278,2.5,0,1
1052,41,2,13,5420.00,726,9.5,1,1
1062,30,1,20,6080.00,37,3.2,1,1
1063,35,1,17,8600.00,1562,4.1,0,1
1066,26,2,12,5440.00,1692,5.5,0,1
1069,37,2,26,8610.00,1497,4.3,1,1
1071,27,1,15,5510.00,117,6.2,1,1
1074,43,3,17,9360.00,1883,3.9,1,1
1075,36,2,25,8710.00,1239,4.1,1,1
1078,35,1,27,9890.00,1978,4.3,1,1
1090,33,2,18,5890.00,838,6.4,0,1
1093,34,3,12,4860.00,519,4.3,0,1
1110,43,2,19,6230.00,771,2.4,0,1
1112,49,3,12,6410.00,566,4.8,1,1
1116,40,1,16,5270.00,569,8.0,1,1
1118,30,1,20,5500.00,1245,6.1,1,1
1119,34,2,15,4480.00,689,2.8,1,1
1120,28,2,15,5360.00,204,7.4,0,1
1121,48,1,13,5840.00,315,1.9,1,1
1122,40,1,26,5790.00,761,5.2,1,1
1137,33,1,14,4930.00,423,5.0,1,1
1141,28,1,13,4880.00,600,4.7,1,1
1143,36,1,18,5970.00,1425,3.8,0,1
1146,29,1,13,4860.00,1352,6.7,0,1
1151,37,2,24,7790.00,2094,5.3,1,1
1152,33,4,17,6690.00,737,2.3,1,1
1156,44,1,16,4860.00,277,3.6,1,1
1160,43,2,14,6010.00,533,5.8,1,1
1162,50,3,21,13610.00,600,4.5,1,1
1164,37,3,20,9020.00,2195,6.0,1,1
1168,44,2,21,9850.00,1823,6.6,0,1
1174,46,3,13,11270.00,2188,4.1,1,1
1176,29,3,16,7970.00,657,3.0,1,1
1182,32,1,12,6760.00,1654,4.4,1,1
1185,57,2,38,28360.00,1539,6.9,0,1
1203,35,1,27,6210.00,1341,3.8,1,1
1217,47,3,13,5000.00,1349,6.8,1,1
1222,40,1,17,5390.00,1813,4.1,0,1
1224,26,2,15,5720.00,86,5.6,1,1
1234,41,1,17,5520.00,304,1.7,1,1
1237,41,5,18,25960.00,4197,5.5,0,1
1241,28,1,19,5870.00,339,6.5,1,1
1243,32,1,14,4470.00,750,0.1,1,1
1244,45,1,13,6830.00,1714,4.8,1,1
1245,23,2,13,4830.00,739,4.9,1,1
1246,33,4,12,4870.00,1048,5.3,1,1
1249,42,3,18,6540.00,2434,6.2,1,1
1250,37,1,14,5140.00,810,1.6,0,1
1253,40,2,12,6230.00,859,2.2,0,1
1261,24,2,13,4380.00,135,6.6,1,1
1263,39,2,16,7840.00,757,1.6,1,1
1264,37,2,18,7190.00,832,4.8,0,1
1267,46,1,29,6890.00,803,3.0,0,1
1269,36,3,22,23080.00,2123,4.7,1,1
1274,48,2,12,5650.00,724,8.2,0,1
1280,23,2,12,4390.00,1072,7.5,1,1
1286,33,3,12,4580.00,380,6.8,1,1
1289,36,3,13,6390.00,777,5.8,0,1
1298,28,1,19,5160.00,1185,3.8,1,1
1299,58,2,19,8500.00,663,5.0,1,1
1300,29,3,13,5240.00,1255,5.6,1,1
1301,33,1,20,6080.00,854,3.3,0,1
1303,26,1,13,4590.00,678,7.3,1,1
1304,42,3,12,5860.00,473,7.3,1,1
1312,42,3,14,5330.00,657,7.2,1,1
1317,42,1,12,5430.00,1160,4.6,0,1
1322,24,1,13,4730.00,1226,4.6,1,1
1324,26,1,14,4850.00,474,2.2,1,1
1326,36,2,15,8340.00,1385,6.1,1,1
1327,50,1,42,15500.00,2222,2.4,0,1
1337,43,2,18,6390.00,738,5.3,1,1
1338,30,2,16,5080.00,651,5.0,1,1
1342,46,1,34,11580.00,1696,9.0,1,1
1344,32,2,16,6210.00,309,4.0,0,1
1353,38,1,12,5640.00,130,7.4,1,1
1361,30,2,18,9040.00,1205,8.3,1,1
1363,28,1,16,5210.00,1448,6.3,0,1
1371,42,3,14,8340.00,1233,3.7,0,1
1378,35,1,12,5130.00,144,2.6,0,1
1385,26,3,13,8210.00,512,4.3,1,1
1386,27,1,18,5070.00,657,2.9,1,1
1389,43,2,18,6720.00,216,3.0,1,1
1394,33,1,20,5840.00,1264,3.9,1,1
1403,44,4,16,17440.00,4128,3.0,1,1
1422,31,1,15,5710.00,223,7.7,0,1
1427,45,2,18,10920.00,861,3.9,1,1
1436,30,3,17,4840.00,113,4.7,1,1
1438,28,3,15,6040.00,1088,10.9,1,1
1444,30,2,17,5630.00,491,5.3,1,1
1456,24,2,13,4850.00,565,6.8,1,1
1461,31,1,18,4890.00,279,2.5,1,1
1463,34,2,13,4670.00,568,8.5,1,1
1466,30,2,18,6730.00,556,6.5,1,1
1469,26,1,13,4430.00,970,4.7,1,1
1470,27,2,12,4470.00,364,6.2,1,1
1471,30,1,14,5190.00,999,3.8,1,1
1475,28,3,15,5640.00,927,4.7,1,1
1484,33,1,12,5030.00,395,5.6,1,1
1487,49,2,12,5700.00,1710,4.3,1,1
1488,30,3,14,9020.00,338,2.5,0,1
1495,42,1,18,9770.00,560,5.7,1,1
1503,32,3,19,11070.00,1878,1.9,0,1
1510,52,3,33,11470.00,2429,3.6,1,1
1512,28,3,13,7760.00,721,7.8,1,1
1514,43,1,27,8170.00,2573,3.8,1,1
1519,30,5,12,9410.00,426,4.8,0,1
1523,28,1,21,4720.00,1027,8.0,1,1
1524,34,2,19,6690.00,472,8.5,1,1
1528,39,1,13,4960.00,635,5.7,1,1
1532,29,1,20,6000.00,1693,6.8,0,1
1534,38,1,15,5100.00,799,3.3,1,1
1538,32,2,21,6480.00,618,4.9,0,1
1540,46,1,17,7530.00,1954,6.6,1,1
1541,32,1,14,4650.00,1321,9.1,1,1
1542,29,2,17,6620.00,1019,4.7,0,1
1548,35,4,21,8470.00,1394,2.9,1,1
1550,32,1,12,5540.00,1592,4.8,1,1
1554,32,2,21,9010.00,765,5.6,1,1
1568,37,2,14,6800.00,565,4.4,1,1
1574,30,4,15,6200.00,467,7.9,1,1
1576,28,1,20,6580.00,1104,6.7,1,1
1581,29,2,19,6350.00,846,7.5,1,1
1589,35,4,14,5660.00,528,8.5,1,1
1592,38,1,27,6580.00,2090,6.0,0,1
1594,47,2,16,6860.00,92,6.1,1,1
1596,35,1,14,5350.00,1203,6.5,1,1
1599,32,1,20,5570.00,939,5.8,1,1
1601,23,2,12,4470.00,225,5.3,1,1
1603,28,4,12,5260.00,202,3.0,1,1
1604,42,2,13,5390.00,854,5.5,0,1
1615,27,3,13,5180.00,1381,6.1,1,1
1616,32,1,15,6600.00,1281,4.9,1,1
1622,32,1,13,4610.00,1040,5.9,0,1
1630,25,1,12,4510.00,1419,3.2,1,1
1633,40,3,14,7430.00,711,6.5,1,1
1636,39,1,16,4930.00,813,7.1,0,1
1637,29,1,17,5040.00,184,7.4,1,1
1641,31,3,18,7440.00,834,4.7,1,1
1649,28,1,14,4540.00,216,3.9,0,1
1653,40,2,17,5730.00,222,7.5,1,1
1660,38,1,17,5850.00,1694,5.5,1,1
1661,26,1,13,4830.00,2041,8.9,1,1
1663,27,2,14,5230.00,284,7.7,1,1
1675,37,1,18,5510.00,999,3.0,1,1
1678,33,4,12,10620.00,807,5.7,1,1
1679,33,1,13,5830.00,284,4.4,1,1
1680,26,1,12,4910.00,717,4.8,0,1
1686,45,2,21,5920.00,116,4.4,0,1
1690,30,2,13,5660.00,1030,3.0,1,1
1692,30,1,18,5540.00,1142,7.7,0,1
1693,29,1,21,5940.00,686,6.1,1,1
1695,31,1,17,6590.00,1174,4.9,1,1
1699,40,2,12,6160.00,917,4.1,1,1
1705,41,4,20,11310.00,2190,4.8,0,1
1718,36,1,15,8160.00,1175,5.9,1,1
1722,29,1,13,5710.00,897,6.0,1,1
1725,31,1,14,5490.00,774,2.5,1,1
1727,38,1,22,6810.00,1391,5.3,1,1
1728,44,4,12,7400.00,1004,3.3,1,1
1731,29,4,13,8920.00,1807,5.9,0,1
1736,30,1,18,4890.00,2039,4.3,0,1
1737,30,3,17,8160.00,523,2.5,1,1
1740,37,3,20,7360.00,2570,2.0,1,1
1741,26,4,12,5820.00,365,4.2,0,1
1744,26,4,12,4750.00,683,5.5,1,1
1746,25,1,12,4780.00,86,4.4,1,1
1749,41,1,13,5730.00,485,9.2,1,1
1751,56,1,32,10340.00,3403,4.0,1,1
1755,36,1,28,5680.00,1213,3.9,1,1
1757,47,1,31,11930.00,2041,9.0,0,1
1760,33,2,22,6890.00,1038,4.4,1,1
1761,30,2,19,9390.00,517,5.6,1,1
1764,35,1,12,5610.00,765,6.4,1,1
1765,36,1,27,7210.00,1773,7.2,1,1
1766,41,1,12,5180.00,127,7.5,1,1
1768,45,2,21,8460.00,736,7.0,1,1
1769,26,2,14,5490.00,288,3.2,0,1
1786,38,3,17,9430.00,386,4.6,1,1
1788,46,2,12,5640.00,875,5.5,0,1
1793,35,2,24,10320.00,3316,5.6,1,1
1794,35,4,13,7570.00,1056,8.6,1,1
1802,32,2,19,7160.00,712,4.9,1,1
1803,31,4,15,5230.00,160,7.3,1,1
1804,37,3,23,10070.00,1263,5.5,0,1
1805,38,2,18,6240.00,857,4.3,1,1
1808,37,4,16,6090.00,770,3.9,1,1
1811,46,5,16,7390.00,1697,9.1,1,1
1815,39,1,21,6300.00,490,6.5,0,1
1818,50,1,15,5960.00,1054,1.1,1,1
1825,44,4,26,7110.00,1164,5.5,0,1
1827,31,2,12,4830.00,929,5.7,1,1
1831,33,1,12,4910.00,477,2.8,1,1
1834,31,2,14,6020.00,285,6.0,1,1
1837,32,1,13,4580.00,356,4.4,1,1
1839,42,2,16,5530.00,835,3.7,0,1
1842,33,2,20,5540.00,867,5.0,0,1
1860,34,3,21,6400.00,471,2.8,0,1
1862,29,3,13,4310.00,297,2.9,1,1
1871,37,2,16,10680.00,3167,5.2,1,1
1874,27,2,13,4850.00,496,5.2,0,1
1877,28,2,13,6100.00,728,4.9,1,1
1878,43,1,14,5940.00,272,5.9,0,1
1887,35,4,19,12390.00,552,5.7,0,1
1892,53,2,14,6990.00,530,4.8,0,1
1895,28,3,15,6920.00,1009,3.4,0,1
1901,34,1,12,5860.00,403,4.6,1,1
1902,24,1,12,4300.00,596,9.1,1,1
1903,31,5,12,8960.00,1717,6.4,1,1
1905,32,2,15,4530.00,287,5.2,1,1
1910,29,4,13,5560.00,499,3.5,1,1
1913,35,2,12,6700.00,374,6.7,1,1
1915,57,2,12,7540.00,1011,5.3,1,1
1920,34,1,14,5540.00,29,4.7,1,1
1922,47,3,33,25480.00,3172,5.8,1,1
1930,31,1,18,5210.00,913,8.5,1,1
1937,34,1,23,5500.00,409,9.0,0,1
1939,45,1,37,21290.00,3436,3.6,0,1
1940,24,1,14,4650.00,225,0.6,1,1
1955,51,4,19,15940.00,1758,4.2,1,1
1961,31,2,18,4920.00,1365,1.8,1,1
1962,34,1,15,6660.00,1291,4.4,1,1
1965,43,3,12,5330.00,705,8.3,1,1
1966,29,1,14,5740.00,513,9.1,1,1
1967,31,4,15,10170.00,625,1.5,0,1
1973,37,4,18,12230.00,4322,4.6,1,1
1978,29,5,12,5590.00,517,6.7,1,1
1980,34,1,14,4760.00,528,6.9,1,1
1988,31,1,20,6150.00,1076,3.2,1,1